ProjectId,ProjectName,ProjectStatus,StartDate,DueDate,ProjectOwner,ProjectOwnerId,ProjectOwnerEmail,CustomerName,CustomerId,Progress,Project Type,CompletedTasks,OverdueTasks,BlockedTasks,AtRiskTasks,ApprovalPending,BRD Sign-off,UAT Sign-off,% BM Billed,% BM Created,Billing Status,ProjectTrackedHours,PercentageBudgetConsumed,ActualStartDate,ActualCompletedDate,Kick-off Date,Final Go Live Date,First Go-Live Date,PlannedDuration,ProjectBudget,EstimateAtCompletion,EstimateToComplete,ProjectRevenue,ProjectCost,ProjectProfit,Invoiced Amount,TeamMembers,Region
PRJ-001,James-Greene - CLM Implementation,In progress,2025-02-17,2025-04-11,Joshua Perry,12495,joshua.perry@example.com,James-Greene,88297,2.80,Change Request ,3,103,0,0,0,,,100.0,56.0,Not Started,98.00,100.0,2025-02-21,,2025-02-17,,,53,17500.000000,98.0,0.0,17500.0,1274.0,16226.0,,"Susan Serrano|susan.serrano@example.com, Anthony Harmon|anthony.harmon@example.com",APAC
PRJ-002,Wright Inc - Phase 1 Implementation,In progress,2025-09-30,2026-05-31,Olivia Harris,77335,olivia.harris@example.com,Wright Inc,70674,82.24,CLM Platform,88,64,1,0,0,,,50.0,150.0,Not Started,558.00,100.0,2025-10-08,,,,,243,65000.000000,558.0,0.0,65000.0,15519.5,49480.5,,"Julie Alexander|julie.alexander@example.com, Shelly Alexander|shelly.alexander@example.com, Crystal Johnson|crystal.johnson@example.com, Matthew Foster|matthew.foster@example.com, Jessica Garcia|jessica.garcia@example.com, Ashley Hall|ashley.hall@example.com, Sierra Johnson|sierra.johnson@example.com, Kimberly Nguyen|kimberly.nguyen@example.com",AMER
PRJ-003,Daniel-Schmidt - Phase 2 Rollout,In progress,2022-05-25,2028-02-29,Justin Torres,30743,justin.torres@example.com,Daniel-Schmidt,84231,91.86,CLM Platform,158,22,6,0,0,,2023-07-26,0.0,56.0,Created,24354.67,84.12703888888889,2023-07-27,,2022-05-25,2025-12-26,2023-07-26,2106,540000.000000,28949.8667,4595.2,454286.01,715695.49,-261409.48,,"Diana May|diana.may@example.com, Heather Fields|heather.fields@example.com, Jamie Walton|jamie.walton@example.com, Debra Morton|debra.morton@example.com, Mark Brown|mark.brown@example.com, Pamela Boyd|pamela.boyd@example.com, Barbara Dudley|barbara.dudley@example.com, Melissa Gates|melissa.gates@example.com, Charles Shah|charles.shah@example.com, Lindsey Walker|lindsey.walker@example.com, Larry Dixon|larry.dixon@example.com, Desiree Tyler|desiree.tyler@example.com, Nicole Herring|nicole.herring@example.com, Amy Silva|amy.silva@example.com, Mrs. Kristen Reyes|mrs..kristen.reyes@example.com, Matthew Harrington|matthew.harrington@example.com, Wayne Morgan|wayne.morgan@example.com, Danny Morgan|danny.morgan@example.com, Richard Smith|richard.smith@example.com, Steve Sanchez|steve.sanchez@example.com, Matthew Moore|matthew.moore@example.com, Jeffrey Chavez|jeffrey.chavez@example.com, Sarah Moore|sarah.moore@example.com, Jason Stein|jason.stein@example.com, Carolyn Miller|carolyn.miller@example.com, Jeremy Reed|jeremy.reed@example.com, Jeffrey Chavez|jeffrey.chavez@example.com, Joel Williams|joel.williams@example.com, Paul Jones|paul.jones@example.com, Shannon Rivera|shannon.rivera@example.com, Sandra Aguilar|sandra.aguilar@example.com, David Davis|david.davis@example.com, Joseph Coleman|joseph.coleman@example.com, Deborah Figueroa|deborah.figueroa@example.com, Debra Morton|debra.morton@example.com, Melissa Gates|melissa.gates@example.com, Connor West|connor.west@example.com, Michelle Evans|michelle.evans@example.com, Johnathan Davis|johnathan.davis@example.com, Theresa Clark|theresa.clark@example.com, Joshua Cooke|joshua.cooke@example.com, Kathy Rivas|kathy.rivas@example.com, Jessica Garcia|jessica.garcia@example.com, Debra Morton|debra.morton@example.com, Jessica Smith|jessica.smith@example.com, Anna Henderson|anna.henderson@example.com",AMER
PRJ-004,"Ryan, Mays and Burns - Platform Deployment",In progress,2025-12-01,2026-08-31,William Baker,20642,william.baker@example.com,"Ryan, Mays and Burns",38459,2.70,CLM Platform,3,101,0,0,0,,,68.23826154443151,204.2382615444315,Not Started,2420.00,48.91260380287156,2025-12-02,,2025-12-01,,,273,257700.000000,4947.6,2527.6,126047.78,65419.55,60628.23,,"Rocketlane|rocketlane@example.com, Michelle Harmon|michelle.harmon@example.com, Gerald Hensley|gerald.hensley@example.com, Jessica Holmes|jessica.holmes@example.com, Michael Farrell|michael.farrell@example.com, Nathan Maldonado|nathan.maldonado@example.com, Cheyenne Horton|cheyenne.horton@example.com, Jamie Arnold|jamie.arnold@example.com, Dustin Jordan|dustin.jordan@example.com",Europe
PRJ-005,Bowen-Chapman - Enterprise Rollout,In progress,2025-04-21,2026-04-03,Jordan Henderson,92226,jordan.henderson@example.com,Bowen-Chapman,27374,75.45,CLM Platform,83,53,1,0,0,,,,,,6973.67,0.0,2025-05-19,,,,,347,373163.000000,6973.6667,0.0,0.0,93791.92,-93791.92,,"Elizabeth Oliver DDS|elizabeth.oliver.dds@example.com, Daniel Salinas|daniel.salinas@example.com, Christian Leblanc|christian.leblanc@example.com, Jeremy Reed|jeremy.reed@example.com, Aaron Wise|aaron.wise@example.com, Bryan Herrera|bryan.herrera@example.com, Cynthia Rowe|cynthia.rowe@example.com, Rebecca Valencia|rebecca.valencia@example.com, Daniel Wagner|daniel.wagner@example.com, Elizabeth Fowler|elizabeth.fowler@example.com, Julia Torres|julia.torres@example.com, Nichole Alvarez|nichole.alvarez@example.com, Keith Jennings|keith.jennings@example.com, Aaron Wise|aaron.wise@example.com, Michael Warner|michael.warner@example.com, John Whitehead|john.whitehead@example.com, Devon Flores|devon.flores@example.com, Lawrence Adkins|lawrence.adkins@example.com, Shannon Walker|shannon.walker@example.com, Tanner Mitchell DDS|tanner.mitchell.dds@example.com, Denise Davenport|denise.davenport@example.com, Nicole Herring|nicole.herring@example.com",Europe
PRJ-006,Short-Hensley - CLM Platform - Phase 1,In progress,2026-02-23,2026-12-30,Kristen Davis,18029,kristen.davis@example.com,Short-Hensley,73660,24.30,CLM Platform,26,3,0,0,0,,,,75.0,Not Started,362.00,0.0,2026-03-13,,2026-02-23,,,310,0.000000,3202.0,2840.0,0.0,11178.0,-11178.0,,"David Douglas Jr.|david.douglas.jr.@example.com, Kathy Rivas|kathy.rivas@example.com, Crystal Johnson|crystal.johnson@example.com, Matthew Moore|matthew.moore@example.com, Cynthia Morris|cynthia.morris@example.com, Ashley Hall|ashley.hall@example.com",AMER
PRJ-007,Hernandez Ltd - Contract Management Implementation,In progress,2025-12-01,2026-07-31,Daniel Baker,12427,daniel.baker@example.com,Hernandez Ltd,53472,40.54,CLM Platform,45,32,0,0,0,,,25.0,75.0,Not Started,2459.25,37.36752,2025-12-08,,,,,242,325000.000000,6899.25,4440.0,121444.44,72939.25,48505.19,,"Jeffrey Chavez|jeffrey.chavez@example.com, Stephanie Manning|stephanie.manning@example.com, Jose Schultz|jose.schultz@example.com, Tina Sanders|tina.sanders@example.com, Patricia Le|patricia.le@example.com, Ryan Gonzalez|ryan.gonzalez@example.com, Jeremy Dalton|jeremy.dalton@example.com, Shannon Rivera|shannon.rivera@example.com, Megan Young|megan.young@example.com, Laura Haney|laura.haney@example.com, Deborah Figueroa|deborah.figueroa@example.com, James Ferrell|james.ferrell@example.com, Stephanie Ross|stephanie.ross@example.com, Sara Fuller|sara.fuller@example.com",AMER
PRJ-008,Horn LLC - CLM Migration,In progress,2026-01-05,2026-09-30,Tommy Walter,19472,tommy.walter@example.com,Horn LLC,60118,46.36,CLM Platform,191,82,20,0,0,,,30.0,105.0,Not Started,2179.50,23.082301003344483,2026-01-05,,2026-01-05,,,268,299000.000000,9442.3,7262.8,69016.08,74625.0,-5608.92,,"Evelyn Galvan|evelyn.galvan@example.com, Stephanie Manning|stephanie.manning@example.com, Elizabeth Kelley|elizabeth.kelley@example.com, Bailey Duran DDS|bailey.duran.dds@example.com, Daniel Salinas|daniel.salinas@example.com, Sarah Moore|sarah.moore@example.com, Angelica Keith|angelica.keith@example.com, Kenneth Scott|kenneth.scott@example.com, Lawrence Adkins|lawrence.adkins@example.com, Anthony Rodriguez|anthony.rodriguez@example.com, Aimee Montoya|aimee.montoya@example.com, Marie Christian|marie.christian@example.com",Europe
PRJ-009,Arroyo PLC - Platform Upgrade,In progress,2025-04-07,2026-06-22,Tracy House,1533,tracy.house@example.com,Arroyo PLC,87283,10.68,CLM Platform,52,263,0,0,0,,,35.0,56.0,Not Started,18974.28,0.0,2025-04-22,,2025-04-07,,,441,406109.000000,22544.2833,3570.0,0.0,552476.8,-552476.8,,"Christopher Parker|christopher.parker@example.com, Megan Orr|megan.orr@example.com, Christopher Smith|christopher.smith@example.com, Brandy Chavez|brandy.chavez@example.com, Kevin Walters|kevin.walters@example.com, Daniel Kane|daniel.kane@example.com, Jordan Chambers|jordan.chambers@example.com, Allison Hill|allison.hill@example.com, James Brown|james.brown@example.com, James Brown|james.brown@example.com, Alex Hernandez|alex.hernandez@example.com, Abigail Shaffer|abigail.shaffer@example.com, Jonathan Lawrence|jonathan.lawrence@example.com, Jeremy Sampson|jeremy.sampson@example.com, Daniel Kennedy|daniel.kennedy@example.com, Elizabeth Kelley|elizabeth.kelley@example.com, Brett Burns|brett.burns@example.com, Kelly Donovan|kelly.donovan@example.com, Tina Sanders|tina.sanders@example.com, Evelyn Galvan|evelyn.galvan@example.com, Gabrielle Davis|gabrielle.davis@example.com, Shannon Rivera|shannon.rivera@example.com, Susan Turner|susan.turner@example.com, Brent Jordan|brent.jordan@example.com, Matthew Mcmillan|matthew.mcmillan@example.com, Richard Henson|richard.henson@example.com, Richard Rodriguez|richard.rodriguez@example.com, Robert Potter|robert.potter@example.com, Alyssa Long|alyssa.long@example.com, Stephen Hoffman|stephen.hoffman@example.com, Patty Perez|patty.perez@example.com, Lori Guerrero|lori.guerrero@example.com, Danny Morgan|danny.morgan@example.com, Allison Smith|allison.smith@example.com, John Anderson|john.anderson@example.com, Scott Thomas|scott.thomas@example.com, Lisa Barnes|lisa.barnes@example.com, William Barrett|william.barrett@example.com, Ryan Munoz|ryan.munoz@example.com, Jonathan Peterson|jonathan.peterson@example.com, Carlos Ryan|carlos.ryan@example.com, Cassandra Gaines|cassandra.gaines@example.com",APAC
PRJ-010,"Schroeder, Harrison and Powell - Multi-Phase Implementation",In progress,2025-09-01,2026-04-30,Jennifer Adkins,51973,jennifer.adkins@example.com,"Schroeder, Harrison and Powell",15213,59.17,CLM Platform,71,23,0,0,0,,,30.0,56.0,Not Started,4685.35,0.0,2025-08-28,,2025-09-01,2026-04-02,2026-04-02,241,200000.000000,7630.15,2944.8,0.0,126411.59,-126411.59,,"Gina Moore|gina.moore@example.com, Colin Terry|colin.terry@example.com, Daniel Kane|daniel.kane@example.com, Andrea Hubbard|andrea.hubbard@example.com, Charles Lester|charles.lester@example.com, William Herrera|william.herrera@example.com, Ariana Jennings|ariana.jennings@example.com, Andrew Reynolds|andrew.reynolds@example.com, Richard Henson|richard.henson@example.com, Bryan Herrera|bryan.herrera@example.com, Kathryn Snyder|kathryn.snyder@example.com, Anthony Humphrey|anthony.humphrey@example.com, Paula Moreno|paula.moreno@example.com, Christine Wright|christine.wright@example.com, Donald Wright|donald.wright@example.com",APAC
PRJ-011,Grant-Coleman - Change Request,In progress,2025-12-01,2026-09-30,Victor Baker,58645,victor.baker@example.com,Grant-Coleman,28654,72.22,CLM Platform,78,30,0,0,0,,,50.0,100.0,Not Started,2424.50,39.52623711340206,2025-11-25,,2025-12-01,,,303,485000.000000,6133.9,3709.4,191702.25,58055.28,133646.97,,"Holly Wood|holly.wood@example.com, Isaiah Avila|isaiah.avila@example.com, Rocketlane|rocketlane@example.com, Kathleen Moran|kathleen.moran@example.com, Sherry Decker|sherry.decker@example.com, Jeffrey Johnson|jeffrey.johnson@example.com, Kevin Walters|kevin.walters@example.com, Matthew Moon|matthew.moon@example.com, Rebecca Jackson|rebecca.jackson@example.com, Patrick Thornton|patrick.thornton@example.com, Justin Baker|justin.baker@example.com, Tanner Mitchell DDS|tanner.mitchell.dds@example.com",AMER
PRJ-012,Mayo-Ferguson - CLM Expansion,In progress,2025-01-07,2026-04-30,Briana Murray,86537,briana.murray@example.com,Mayo-Ferguson,30586,86.64,CLM Platform,266,32,0,0,0,,,75.0,56.0,,8736.90,89.49082929977412,2025-01-08,,2025-01-07,,,478,619800.000000,9762.9,1026.0,554664.16,261421.78,293242.38,,"Matthew Moore|matthew.moore@example.com, Gina Moore|gina.moore@example.com, Yvonne Chambers|yvonne.chambers@example.com, Mary Marshall|mary.marshall@example.com, Shannon James|shannon.james@example.com, Ryan Gonzalez|ryan.gonzalez@example.com, Julie Alexander|julie.alexander@example.com, Alexander Collins|alexander.collins@example.com, Jose Travis|jose.travis@example.com, Margaret Hawkins DDS|margaret.hawkins.dds@example.com, Richard Henson|richard.henson@example.com, Zachary Ferrell|zachary.ferrell@example.com, Aaron Wise|aaron.wise@example.com, Michael Bradshaw|michael.bradshaw@example.com, William Herrera|william.herrera@example.com, Sara Johnston|sara.johnston@example.com, Natalie Bautista|natalie.bautista@example.com, Brenda Hall|brenda.hall@example.com, Carla Gray|carla.gray@example.com, Katie Suarez|katie.suarez@example.com, Shane Henderson|shane.henderson@example.com, Jasmin Alvarado|jasmin.alvarado@example.com",Europe
PRJ-013,Stone-Gonzalez - CLM Implementation,In progress,2025-11-03,2026-12-31,Robert Oconnell,49967,robert.oconnell@example.com,Stone-Gonzalez,51429,17.65,CLM Platform,18,25,0,0,0,,,,,,4383.50,0.0,2025-11-11,,,,,423,,6186.7,1803.2,0.0,84529.56,-84529.56,,"Monica Herrera|monica.herrera@example.com, David Douglas Jr.|david.douglas.jr.@example.com, Debra Morton|debra.morton@example.com, Megan Le|megan.le@example.com, Victoria Garcia|victoria.garcia@example.com, Michael Wang|michael.wang@example.com, David Douglas Jr.|david.douglas.jr.@example.com, Jessica Garcia|jessica.garcia@example.com, Margaret Hawkins DDS|margaret.hawkins.dds@example.com, Ana Hill|ana.hill@example.com, Michael Evans|michael.evans@example.com, Brandon Bailey MD|brandon.bailey.md@example.com, Jesse Perez|jesse.perez@example.com",AMER
PRJ-014,Davila-Howard - Phase 1 Implementation,In progress,2025-04-01,2026-05-15,Donna Landry,73900,donna.landry@example.com,Davila-Howard,7899,54.05,CLM Platform,60,41,0,0,0,,,52.5,56.0,Not Started,14502.75,90.28808727272727,2025-04-03,,2025-04-01,,,409,550000.000000,16062.75,1560.0,496584.48,343122.77,153461.71,,"Jamie Smith|jamie.smith@example.com, Desiree Tyler|desiree.tyler@example.com, Kayla Rodriguez|kayla.rodriguez@example.com, Laura Roberts|laura.roberts@example.com, Vanessa Howard|vanessa.howard@example.com, Kenneth Scott|kenneth.scott@example.com, Melissa Gates|melissa.gates@example.com, Joyce Bowen|joyce.bowen@example.com, Elaine Brooks|elaine.brooks@example.com, Danny Morgan|danny.morgan@example.com, Derek Zuniga|derek.zuniga@example.com, Courtney Gonzalez|courtney.gonzalez@example.com, Jeffery Ortega|jeffery.ortega@example.com, Shannon Rivera|shannon.rivera@example.com, Krista Gibson|krista.gibson@example.com, Tanner Mitchell DDS|tanner.mitchell.dds@example.com, Whitney Peters|whitney.peters@example.com, Jessica Stephens|jessica.stephens@example.com, Rebecca Henderson|rebecca.henderson@example.com, Mark Brown|mark.brown@example.com",AMER
PRJ-015,Farley Ltd - Phase 2 Rollout,In progress,2024-09-20,2026-07-31,Jordan Bates,94495,jordan.bates@example.com,Farley Ltd,49134,54.84,CLM Platform,119,74,0,0,0,,,165.15937249,71.15937249000001,,30708.08,66.99251368791552,2024-10-01,,,,,679,3068400.000000,45838.0833,15130.0,2055598.29,780487.93,1275110.36,,"Joshua Blair|joshua.blair@example.com, Zachary Hicks|zachary.hicks@example.com, Crystal Robinson|crystal.robinson@example.com, Patrick Thornton|patrick.thornton@example.com, Erin Edwards|erin.edwards@example.com, Anthony Humphrey|anthony.humphrey@example.com, Joyce Bowen|joyce.bowen@example.com, Matthew Moore|matthew.moore@example.com, Dana Martinez|dana.martinez@example.com, Melissa Gates|melissa.gates@example.com, Rebecca Jackson|rebecca.jackson@example.com, Joel Williams|joel.williams@example.com, Shannon Jones|shannon.jones@example.com, Paula Moreno|paula.moreno@example.com, Jessica Holmes|jessica.holmes@example.com, Carol Tucker|carol.tucker@example.com, Connie Brown|connie.brown@example.com, Ronald Davis|ronald.davis@example.com, Margaret Hawkins DDS|margaret.hawkins.dds@example.com, Elizabeth Perkins|elizabeth.perkins@example.com, Michael Farrell|michael.farrell@example.com, Margaret Hawkins DDS|margaret.hawkins.dds@example.com, Sherry Decker|sherry.decker@example.com, Joel Williams|joel.williams@example.com, Sharon Cochran|sharon.cochran@example.com, Joshua Cooke|joshua.cooke@example.com, Brian Lee|brian.lee@example.com, Jeffrey Chavez|jeffrey.chavez@example.com, Krista Gibson|krista.gibson@example.com, Cassandra Gaines|cassandra.gaines@example.com",Europe
PRJ-016,Adkins Group - Platform Deployment,In progress,2025-10-31,2026-04-09,Robert Oconnell,49967,robert.oconnell@example.com,Adkins Group,6851,64.15,Change Request ,68,51,0,0,0,,,75.0,200.0,Not Started,690.50,91.63902001998552,2025-10-31,,2025-10-31,,,160,29021.000000,735.5,45.0,26594.56,22270.38,4324.18,,"Kathy Rivas|kathy.rivas@example.com, Debra Morton|debra.morton@example.com, Anna Henderson|anna.henderson@example.com, Ryan Gonzalez|ryan.gonzalez@example.com, Anthony Humphrey|anthony.humphrey@example.com",AMER
PRJ-017,"Buckley, Thompson and Gordon - Enterprise Rollout",In progress,2023-11-01,2026-09-30,Susan Murray MD,95516,susan.murray.md@example.com,"Buckley, Thompson and Gordon",22325,83.26,PS as ARR,567,142,1,0,0,,,,,,87299.00,0.0,2023-11-27,,2023-11-01,2025-05-15,2025-04-09,1064,0.000000,106904.6,19605.6,0.0,1902518.24,-1902518.24,,"Alex Hernandez|alex.hernandez@example.com, Kevin Oconnor|kevin.oconnor@example.com, Jessica Garcia|jessica.garcia@example.com, James Parks|james.parks@example.com, Victor Taylor|victor.taylor@example.com, Stephanie Williams|stephanie.williams@example.com, Michele Williams|michele.williams@example.com, Bryan Herrera|bryan.herrera@example.com, Shelia Wallace|shelia.wallace@example.com, Christina Walters|christina.walters@example.com, Daniel Salinas|daniel.salinas@example.com, Brian Rodriguez|brian.rodriguez@example.com, Jeffrey Chavez|jeffrey.chavez@example.com, Michele Williams|michele.williams@example.com, Lisa Jackson|lisa.jackson@example.com, Mark Brown|mark.brown@example.com, Dylan Miller|dylan.miller@example.com, Elizabeth Oliver DDS|elizabeth.oliver.dds@example.com, Lori Guerrero|lori.guerrero@example.com, Joyce Bowen|joyce.bowen@example.com, Stephanie Manning|stephanie.manning@example.com, Rodney Morales|rodney.morales@example.com, Denise Jacobs|denise.jacobs@example.com, Patrick Moore|patrick.moore@example.com, Elizabeth Fowler|elizabeth.fowler@example.com, Colton Martinez|colton.martinez@example.com, Stephanie Williams|stephanie.williams@example.com, Garrett Lin|garrett.lin@example.com, Aimee Montoya|aimee.montoya@example.com, Richard Aguirre|richard.aguirre@example.com, Benjamin Smith|benjamin.smith@example.com, Debra Christian|debra.christian@example.com, Christopher Bass|christopher.bass@example.com, Lindsay Martinez|lindsay.martinez@example.com, Debra Morton|debra.morton@example.com, Laura Roberts|laura.roberts@example.com, Anthony Everett|anthony.everett@example.com, Lawrence Adkins|lawrence.adkins@example.com, Ashley Barton|ashley.barton@example.com, Tanya Kim|tanya.kim@example.com",Europe
PRJ-018,Johnson Inc - CLM Platform - Phase 1,In progress,2025-11-03,2027-04-30,Joseph Knight,57021,joseph.knight@example.com,Johnson Inc,86826,75.86,CLM Platform,88,2,0,0,0,,,35.000033333388885,160.0000333333889,Not Started,3687.17,21.885976476627462,2025-11-03,,,,,543,599999.000000,16847.1667,13160.0,131315.64,99795.41,31520.23,,"John Pierce|john.pierce@example.com, Sharon Cherry|sharon.cherry@example.com, Carlos Ryan|carlos.ryan@example.com, Victor Taylor|victor.taylor@example.com, Jose Travis|jose.travis@example.com, Rebecca Jackson|rebecca.jackson@example.com, Shirley Suarez|shirley.suarez@example.com, Angie Henderson|angie.henderson@example.com",Europe
PRJ-019,Wells Group - Contract Management Implementation,In progress,2026-02-05,2027-01-31,Lisa Hensley,58828,lisa.hensley@example.com,Wells Group,55319,11.11,Partner Support,12,17,0,0,0,,,,,,82.50,0.0,2026-03-05,,2026-02-05,,,360,0.000000,1513.3,1430.8,0.0,7551.0,-7551.0,,"Rocketlane|rocketlane@example.com, Carol Tucker|carol.tucker@example.com, Joshua Blair|joshua.blair@example.com, Elizabeth Perkins|elizabeth.perkins@example.com, Sherry Decker|sherry.decker@example.com, Michael Wang|michael.wang@example.com",Europe
PRJ-020,Zuniga Ltd - CLM Migration,In progress,2026-01-06,2027-03-31,Theodore Jones Jr.,65378,theodore.jones.jr.@example.com,Zuniga Ltd,74138,36.75,CLM Platform,43,35,0,0,0,,,25.0,210.0,Not Started,2263.75,0.0,2026-01-08,,2026-01-06,,,449,0.000000,16288.0961,14024.3461,0.0,89457.0,-89457.0,,"Spencer Haynes|spencer.haynes@example.com, Ricky Davis II|ricky.davis.ii@example.com, Amanda Jones|amanda.jones@example.com, Christopher Rubio|christopher.rubio@example.com, Shannon Ramsey|shannon.ramsey@example.com, Nicole Herring|nicole.herring@example.com, Jessica Callahan|jessica.callahan@example.com, Veronica Simpson|veronica.simpson@example.com, Brett Burns|brett.burns@example.com, Cynthia Moore|cynthia.moore@example.com, Lisa Barnes|lisa.barnes@example.com, Shannon Jones|shannon.jones@example.com, Amy Silva|amy.silva@example.com, Darlene Miller|darlene.miller@example.com",AMER
PRJ-021,Thomas PLC - Platform Upgrade,In progress,2025-01-13,2026-07-31,Nathan Malone,35919,nathan.malone@example.com,Thomas PLC,1002,31.90,CLM Platform,37,38,0,0,0,,,50.0,143.396694,Not Started,10797.67,72.88006280991736,2024-11-29,,2025-02-10,,,564,605000.000000,14815.6667,4018.0,440924.38,874278.67,-433354.29,,"Dr. William Warren|dr..william.warren@example.com, Angela Vaughn|angela.vaughn@example.com, Tina Sanders|tina.sanders@example.com, Marc Moore|marc.moore@example.com, John Young|john.young@example.com, Tina Sanders|tina.sanders@example.com, Linda Smith|linda.smith@example.com, Jesse Perry|jesse.perry@example.com, David Alvarez|david.alvarez@example.com, Yvonne Burns|yvonne.burns@example.com, Debra Davidson|debra.davidson@example.com, Patricia Rodriguez|patricia.rodriguez@example.com, Christine Wright|christine.wright@example.com, Tricia Valencia|tricia.valencia@example.com, Ryan Gonzalez|ryan.gonzalez@example.com, Elizabeth Fowler|elizabeth.fowler@example.com, Madison Poole|madison.poole@example.com, Lauren Daniels|lauren.daniels@example.com, Mark Perez|mark.perez@example.com, Denise Jones|denise.jones@example.com, Frank Cordova|frank.cordova@example.com, Helen Jones|helen.jones@example.com, Shannon James|shannon.james@example.com",Public Sector
PRJ-022,James and Sons - Multi-Phase Implementation,In progress,2025-03-17,2026-04-24,Michelle Brown,65243,michelle.brown@example.com,James and Sons,33837,82.73,CLM Platform,91,10,0,0,0,,,100.0,56.0,Not Started,5466.08,100.0,2025-04-14,,2025-03-17,,,403,300000.000000,5466.0833,0.0,300000.0,163313.98,136686.02,,"John Daniel|john.daniel@example.com, Cameron Parker|cameron.parker@example.com, Jeffrey Chavez|jeffrey.chavez@example.com, Julie Alexander|julie.alexander@example.com, Eric Carney|eric.carney@example.com, Parker Cain|parker.cain@example.com, Ethan Adams|ethan.adams@example.com, Melissa Martinez|melissa.martinez@example.com, Mike Allen|mike.allen@example.com, Tammie Bright|tammie.bright@example.com, Courtney Mills|courtney.mills@example.com, Noah Rhodes|noah.rhodes@example.com, Joel Williams|joel.williams@example.com, Sandra Aguilar|sandra.aguilar@example.com, Richard Smith|richard.smith@example.com, Kathy Rivas|kathy.rivas@example.com, Jessica Garcia|jessica.garcia@example.com, Matthew Moore|matthew.moore@example.com, Colin Terry|colin.terry@example.com, Kimberly Nguyen|kimberly.nguyen@example.com, Andrew Avila|andrew.avila@example.com, Anthony Humphrey|anthony.humphrey@example.com",AMER
PRJ-023,"Sullivan, Yoder and Dickson - Change Request",In progress,2025-11-10,2026-06-19,Angela Lopez,27956,angela.lopez@example.com,"Sullivan, Yoder and Dickson",42768,65.45,CLM Platform,72,29,0,0,0,,,50.0,108.0,Not Started,3423.00,51.34397333333334,2025-11-06,,2025-11-10,,,221,375000.000000,6666.8,3243.8,192539.9,105110.2,87429.7,,"Lauren Carson|lauren.carson@example.com, Stephanie Salazar|stephanie.salazar@example.com, Kiara Mcintyre|kiara.mcintyre@example.com, Pamela Boyd|pamela.boyd@example.com, Sandra Aguilar|sandra.aguilar@example.com, Melissa Brewer|melissa.brewer@example.com, Sherri Baker|sherri.baker@example.com, Ryan Gonzalez|ryan.gonzalez@example.com, Jason Powell|jason.powell@example.com, Timothy Romero|timothy.romero@example.com, Deborah Figueroa|deborah.figueroa@example.com, Margaret Coleman|margaret.coleman@example.com, Patty Perez|patty.perez@example.com, Christine Wright|christine.wright@example.com, Stephen Hoffman|stephen.hoffman@example.com, Lisa Archer|lisa.archer@example.com",AMER
PRJ-024,"Lewis, Scott and Powell - CLM Expansion",In progress,2025-10-31,2026-08-01,Ashley Waller,76144,ashley.waller@example.com,"Lewis, Scott and Powell",17826,39.13,CLM Platform,45,43,0,0,0,,,54.88888888,204.99999999,Not Started,2965.00,58.080311677798015,2025-11-21,,2025-10-31,,,274,247050.000000,5105.0,2140.0,143487.41,70560.5,72926.91,,"Amber Kidd|amber.kidd@example.com, Amber Obrien|amber.obrien@example.com, Kathryn Snyder|kathryn.snyder@example.com, Shannon Walker|shannon.walker@example.com, David Wright|david.wright@example.com, Debra Morton|debra.morton@example.com, Jeremy Dalton|jeremy.dalton@example.com, Theresa Williams|theresa.williams@example.com, Joshua Reed|joshua.reed@example.com",Europe
PRJ-025,Gomez Ltd - CLM Implementation,In progress,2025-09-08,2026-04-30,Briana Murray,86537,briana.murray@example.com,Gomez Ltd,86748,69.91,CLM Platform,79,4,0,0,0,,,90.0,56.0,Not Started,7205.83,91.5627213114754,2025-09-08,,2025-09-08,,,234,305000.000000,7869.8333,664.0,279266.3,185847.59,93418.71,,"Shannon James|shannon.james@example.com, Fred Smith|fred.smith@example.com, Rebecca Jackson|rebecca.jackson@example.com, Yvonne Chambers|yvonne.chambers@example.com, Bryan Herrera|bryan.herrera@example.com, Julie Alexander|julie.alexander@example.com, Cynthia Moore|cynthia.moore@example.com, Andrea Hubbard|andrea.hubbard@example.com, Matthew Moore|matthew.moore@example.com, Dr. Paul Morgan|dr..paul.morgan@example.com, Victoria Larson|victoria.larson@example.com, Alexander Collins|alexander.collins@example.com, Connie Brown|connie.brown@example.com, Dana Martinez|dana.martinez@example.com, Aaron Wise|aaron.wise@example.com, David Martinez|david.martinez@example.com, Shane Henderson|shane.henderson@example.com, Sara Johnston|sara.johnston@example.com, Judy Baker|judy.baker@example.com, Krista Gibson|krista.gibson@example.com, Zachary Hicks|zachary.hicks@example.com, Jasmin Alvarado|jasmin.alvarado@example.com",Europe
PRJ-026,Nielsen-Anderson - Phase 1 Implementation,In progress,2026-04-01,2026-11-30,Nathan Freeman,39004,nathan.freeman@example.com,Nielsen-Anderson,62189,0.0,SolEx Implementation,0,103,0,0,0,,,,,,12.00,0.0,2026-02-11,,2026-04-01,,,243,0.000000,2346.6011,2334.6011,0.0,528.0,-528.0,,"Michelle Harmon|michelle.harmon@example.com, Tracy Ballard|tracy.ballard@example.com, Dr. Paul Morgan|dr..paul.morgan@example.com, Cheyenne Horton|cheyenne.horton@example.com, Keith Jennings|keith.jennings@example.com, Richard Aguirre|richard.aguirre@example.com, Angelica Tucker|angelica.tucker@example.com, Angelica Keith|angelica.keith@example.com, Maria Parker|maria.parker@example.com, Dawn Summers|dawn.summers@example.com, Nicole Herring|nicole.herring@example.com",Europe
PRJ-027,"Greene, Burgess and Franklin - Phase 2 Rollout",In progress,2025-04-17,2026-05-15,Michelle Brown,65243,michelle.brown@example.com,"Greene, Burgess and Franklin",86757,64.29,Change Request ,72,34,0,0,0,,,50.0,56.0,Not Started,4170.00,100.0,2025-06-30,,2025-04-18,2025-12-08,2025-12-08,393,340000.000000,4170.0,0.0,340000.0,246223.0,93777.0,,"Julie Alexander|julie.alexander@example.com, Trevor Johnson|trevor.johnson@example.com, Jeffrey Chandler|jeffrey.chandler@example.com, Michelle Evans|michelle.evans@example.com, Patricia Le|patricia.le@example.com, Bryan Herrera|bryan.herrera@example.com, Patricia Le|patricia.le@example.com, Kimberly Nguyen|kimberly.nguyen@example.com, Brittney Phillips|brittney.phillips@example.com, Jeffrey Chavez|jeffrey.chavez@example.com, Zachary Ferrell|zachary.ferrell@example.com, Paul Castaneda|paul.castaneda@example.com",AMER
PRJ-028,Martinez-Wilson - Platform Deployment,In progress,2025-12-03,2026-05-29,Erin Warner,89194,erin.warner@example.com,Martinez-Wilson,13125,37.17,CLM Platform,42,43,0,0,0,,,43.9271029035531,43.9271029035531,Not Started,2129.25,0.0,2025-12-29,,2025-12-03,,,177,1.000000,3697.25,1568.0,0.0,56909.25,-56909.25,,"Kimberly Gutierrez|kimberly.gutierrez@example.com, Brenda Hall|brenda.hall@example.com, Dr. Hannah Patterson|dr..hannah.patterson@example.com, Shannon Jones|shannon.jones@example.com, Gina Moore|gina.moore@example.com, Denise Mccann|denise.mccann@example.com, Kerry Chavez DDS|kerry.chavez.dds@example.com, Michael Elliott|michael.elliott@example.com, Timothy Duncan|timothy.duncan@example.com, Carla Gray|carla.gray@example.com, Samantha Garcia|samantha.garcia@example.com, Jose Travis|jose.travis@example.com",Europe
PRJ-029,Thompson-Thompson - Enterprise Rollout,In progress,2026-04-01,2026-12-31,Theodore Jones Jr.,65378,theodore.jones.jr.@example.com,Thompson-Thompson,33814,0.0,CLM Platform,0,18,0,0,0,,,,50.0,Not Started,20.00,0.0,2026-04-02,,2026-04-01,,,274,0.000000,7772.7883,7752.7883,0.0,378.0,-378.0,,"Amanda Jones|amanda.jones@example.com, Ricky Davis II|ricky.davis.ii@example.com, Cynthia Moore|cynthia.moore@example.com, Jose Travis|jose.travis@example.com, Kirk Carter|kirk.carter@example.com, Nicole Herring|nicole.herring@example.com, Matthew Moore|matthew.moore@example.com, Spencer Haynes|spencer.haynes@example.com, Veronica Simpson|veronica.simpson@example.com, Amber Wright|amber.wright@example.com",AMER
PRJ-030,Glass PLC - CLM Platform - Phase 1,In progress,2025-11-05,2026-07-31,Olivia Harris,77335,olivia.harris@example.com,Glass PLC,85804,52.43,CLM Platform,54,16,0,0,0,,,,,,1878.00,0.0,2025-12-09,,,,,268,0.000000,3464.0,1586.0,0.0,52220.0,-52220.0,,"Crystal Johnson|crystal.johnson@example.com, Julie Alexander|julie.alexander@example.com, Sierra Johnson|sierra.johnson@example.com, Kimberly Nguyen|kimberly.nguyen@example.com, Matthew Foster|matthew.foster@example.com, Ashley Hall|ashley.hall@example.com, Shelly Alexander|shelly.alexander@example.com, Patricia Le|patricia.le@example.com",AMER
PRJ-031,Townsend-Yates - Contract Management Implementation,In progress,2025-07-01,2026-05-29,Victor Brown,94922,victor.brown@example.com,Townsend-Yates,97486,72.46,CLM Platform,121,34,0,0,0,,,,56.0,Not Started,19876.58,0.0,2025-07-07,,,,,332,577000.000000,23204.1833,3327.6,0.0,570671.18,-570671.18,,"Kiara Mcintyre|kiara.mcintyre@example.com, Stephen Mckee|stephen.mckee@example.com, Michael Lewis|michael.lewis@example.com, Shannon Rivera|shannon.rivera@example.com, Kimberly Gibson|kimberly.gibson@example.com, Anthony Humphrey|anthony.humphrey@example.com, David Douglas Jr.|david.douglas.jr.@example.com, Sharon Boyd|sharon.boyd@example.com, Jeffrey Chavez|jeffrey.chavez@example.com, Sandra Aguilar|sandra.aguilar@example.com, Tina Sanders|tina.sanders@example.com, John Anderson|john.anderson@example.com, Anna Henderson|anna.henderson@example.com, Stephanie Manning|stephanie.manning@example.com, Connor West|connor.west@example.com, Karen Graham|karen.graham@example.com, David Thompson|david.thompson@example.com, Katie Suarez|katie.suarez@example.com, Mary Marshall|mary.marshall@example.com, Julie Alexander|julie.alexander@example.com, John Bishop|john.bishop@example.com, Margaret Coleman|margaret.coleman@example.com, Jason Stein|jason.stein@example.com, Stephanie Byrd|stephanie.byrd@example.com, Deborah Figueroa|deborah.figueroa@example.com, Jeremy Reed|jeremy.reed@example.com, Philip Cannon|philip.cannon@example.com, Melissa Gates|melissa.gates@example.com, Carlos Ryan|carlos.ryan@example.com, Michael Powell|michael.powell@example.com, Bryan Herrera|bryan.herrera@example.com, Katherine Salas|katherine.salas@example.com",AMER
