ProjectId,TaskId,TaskName,Status,ProjectName,PhaseId,Phase,Assignee,Priority,StartDate,DueDate,HoursTracked,Is this a Billing Milestone?,Invoice Raised?,% of amount to be billed,Dependency,ParentTaskId,ParentTask,AtRisk,Progress,ActualStartDate,CompletedAt,RemainingHours,Effort(hrs),Billable,Category
PRJ-005,TSK-0001,Sales to DT Handover,Completed,Bowen-Chapman - Enterprise Rollout,PHS-001,Getting Started,,,2025-05-19,2025-05-19,0.00,,,,,,,,,2025-06-06,2025-06-06,0.00,,true,Project Setup
PRJ-005,TSK-0002,Functional configuration,Completed,Bowen-Chapman - Enterprise Rollout,PHS-002,Configure & Build,"Cathy Robinson, Joyce Solis, Adam Vaughan, Brian Ramirez",,2025-05-26,2025-11-21,1445.25,,,,,,,,,2025-06-06,2025-12-18,0.00,,true,
PRJ-005,TSK-0003,Hypercare,To do,Bowen-Chapman - Enterprise Rollout,PHS-003,Measure,,,2025-12-01,2025-12-12,0.00,,,,,,,,,,,0.00,,true,
PRJ-005,TSK-0004,Starter Kit Walkthrough,Completed,Bowen-Chapman - Enterprise Rollout,PHS-004,Initiate,,,2025-05-26,2025-05-26,0.00,,,,Project Initiation Meeting,,,,,2025-06-06,2025-06-06,0.00,,true,
PRJ-005,TSK-0005,CS Team handshake with customer,Completed,Bowen-Chapman - Enterprise Rollout,PHS-005,Transfer,,,2025-07-14,2025-09-29,0.00,,,,,,,,,2025-11-13,2025-11-13,0.00,,true,Transition - IROS/CS/CSM
PRJ-005,TSK-0006,Discovery Workshop,Completed,Bowen-Chapman - Enterprise Rollout,PHS-006,Discover & Design,,,2025-05-19,2025-05-21,0.00,,,,,,,,,2025-06-06,2025-06-13,0.00,,true,
PRJ-005,TSK-0007,Update CS Knowledge Repository,Completed,Bowen-Chapman - Enterprise Rollout,PHS-003,Measure,,,2025-08-18,2025-10-03,0.00,,,,,,,,,2025-11-13,2025-11-13,0.00,,true,Transition - IROS/CS/CSM
PRJ-005,TSK-0008,Functional configuration - Review and Update,Completed,Bowen-Chapman - Enterprise Rollout,PHS-002,Configure & Build,,,2025-06-23,2025-11-21,80.00,,,,,,,,,2025-06-06,2025-12-18,0.00,,true,OOTB Issues Analysis
PRJ-005,TSK-0009,CPS Leader Signoff,Completed,Bowen-Chapman - Enterprise Rollout,PHS-001,Getting Started,,,2025-05-20,2025-05-20,0.00,,,,Sales to DT Handover,,,,,2025-06-06,2025-06-06,0.00,,true,Project Setup
PRJ-005,TSK-0010,Value use case prioritization for Golden Instance,NA,Bowen-Chapman - Enterprise Rollout,PHS-004,Initiate,,,2025-05-26,2025-05-26,0.00,,,,North Star alignment with customer,,,,,2025-06-06,2025-06-06,0.00,,true,
PRJ-005,TSK-0011,Update CS Transition Checklist,Completed,Bowen-Chapman - Enterprise Rollout,PHS-005,Transfer,,,2025-08-14,2025-10-06,0.00,,,,,,,,,2025-11-13,2025-11-13,0.00,,true,Transition - IROS/CS/CSM
PRJ-005,TSK-0012,"Map functional, non-functional and integration requriements with value levers",Completed,Bowen-Chapman - Enterprise Rollout,PHS-006,Discover & Design,,,2025-07-31,2025-08-29,0.00,,,,,,,,,2025-06-06,2025-09-09,0.00,,true,
PRJ-005,TSK-0013,Train The Trainer / Super User Training,Completed,Bowen-Chapman - Enterprise Rollout,PHS-005,Transfer,,,2025-07-07,2025-10-03,0.00,,,,,,,,,2025-11-13,2025-11-13,0.00,,true,
PRJ-005,TSK-0014,Conduct Health Check - 15th Day & Track success criteria milestones,NA,Bowen-Chapman - Enterprise Rollout,PHS-003,Measure,,,2025-11-28,2025-11-28,0.00,,,,,,,,,2025-11-13,2025-11-13,0.00,,true,
PRJ-005,TSK-0015,Integration development,Completed,Bowen-Chapman - Enterprise Rollout,PHS-002,Configure & Build,"Edward Burgess, Cristian Santos",,2025-06-09,2025-11-21,1681.50,,,,,,,,,2025-06-06,2025-12-18,0.00,,true,Cust Int Coding
PRJ-005,TSK-0016,Setup Dev Instance using Golden Instance,Completed,Bowen-Chapman - Enterprise Rollout,PHS-004,Initiate,,,2025-05-26,2025-05-26,0.00,,,,,,,,,2025-06-06,2025-06-06,0.00,,true,
PRJ-005,TSK-0017,North Star alignment with customer,Completed,Bowen-Chapman - Enterprise Rollout,PHS-001,Getting Started,,,2025-05-20,2025-05-20,0.00,,,,Sales to DT Handover,,,,,2025-06-04,2025-06-06,0.00,,true,Program Management & Governance
PRJ-005,TSK-0018,Create Requirement Traceability Matrix,NA,Bowen-Chapman - Enterprise Rollout,PHS-006,Discover & Design,,,2025-06-16,2025-08-29,0.00,,,,,,,,,2025-09-09,2025-09-09,0.00,,true,
PRJ-005,TSK-0019,Discussion on Value & User Adoption,NA,Bowen-Chapman - Enterprise Rollout,PHS-003,Measure,,,2025-08-18,2025-10-03,0.00,,,,,,,,,2025-11-13,2025-11-13,0.00,,true,
PRJ-005,TSK-0020,Update Train the Trainer Documentation,NA,Bowen-Chapman - Enterprise Rollout,PHS-005,Transfer,,,2025-07-07,2025-10-03,0.00,,,,,,,,,2025-11-13,2025-11-13,0.00,,true,
PRJ-005,TSK-0021,Success Criteria / Value Parameters,Completed,Bowen-Chapman - Enterprise Rollout,PHS-001,Getting Started,,,2025-06-30,2025-08-29,0.00,,,,North Star alignment with customer,,,,,2025-06-06,2025-09-09,0.00,,true,Program Management & Governance
PRJ-005,TSK-0022,Integration development - Review and Update,Completed,Bowen-Chapman - Enterprise Rollout,PHS-002,Configure & Build,,,2025-06-16,2025-11-21,80.00,,,,,,,,,2025-06-06,2025-12-18,0.00,,true,OOTB Issues Analysis
PRJ-005,TSK-0023,Plan for Plan (High Level Project Plan),Completed,Bowen-Chapman - Enterprise Rollout,PHS-004,Initiate,,,2025-05-22,2025-05-22,0.00,,,,,,,,,2025-06-06,2025-06-06,0.00,,true,Program Management & Governance
PRJ-005,TSK-0024,Fit Gap Analysis - Customer Alignment,NA,Bowen-Chapman - Enterprise Rollout,PHS-006,Discover & Design,,,2025-06-16,2025-08-29,0.00,,,,,,,,,2025-09-09,2025-09-09,0.00,,true,
PRJ-005,TSK-0025,CS Transition Sign-off,In progress,Bowen-Chapman - Enterprise Rollout,PHS-005,Transfer,,,2025-09-29,2026-01-09,0.00,,,,,,,,,2025-12-18,,0.00,,true,Transition - IROS/CS/CSM
PRJ-005,TSK-0026,User Acceptance Testing (UAT),Completed,Bowen-Chapman - Enterprise Rollout,PHS-005,Transfer,,,2025-10-27,2025-11-21,0.00,,,,,,,,,2025-12-18,2025-12-18,0.00,,true,Test Execution - Unit Testing/SIT/UAT
PRJ-005,TSK-0027,Technical configuration,Completed,Bowen-Chapman - Enterprise Rollout,PHS-002,Configure & Build,,,2025-06-16,2025-11-21,49.50,,,,,,,,,2025-12-18,2025-12-18,0.00,,true,TC Coding
PRJ-005,TSK-0028,Foundation Training,Completed,Bowen-Chapman - Enterprise Rollout,PHS-004,Initiate,,,2025-05-23,2025-05-23,0.00,,,,Establish Foundation Training Plan,,,,,2025-06-06,2025-06-06,0.00,,true,
PRJ-005,TSK-0029,User & Contract Taxonomy,Completed,Bowen-Chapman - Enterprise Rollout,PHS-001,Getting Started,,,2025-05-19,2025-05-19,0.00,,,,,,,,,2025-06-06,2025-06-06,0.00,,true,
PRJ-005,TSK-0030,(Updated) Checklist : Scope & Design Finalization,To do,Bowen-Chapman - Enterprise Rollout,PHS-006,Discover & Design,,,2025-06-30,2025-06-30,0.00,,,,,TSK-0035,Draft BRD & IRD,,,,,0.00,,true,OOTB Solution Discovery
PRJ-005,TSK-0031,Conduct Health Check - 60th Day & Track success criteria milestones,NA,Bowen-Chapman - Enterprise Rollout,PHS-003,Measure,,,2025-06-18,2025-06-18,0.00,,,,,,,,,2025-06-25,2025-06-25,0.00,,true,
PRJ-005,TSK-0032,UAT Sign-off,NA,Bowen-Chapman - Enterprise Rollout,PHS-005,Transfer,,,,2025-11-24,0.00,,,,,,,,,2025-12-18,2025-12-18,0.00,,true,Test Execution - Unit Testing/SIT/UAT
PRJ-005,TSK-0033,Identify Value Use cases from the North Star & BKM,Completed,Bowen-Chapman - Enterprise Rollout,PHS-001,Getting Started,,,2025-06-30,2025-08-29,0.00,,,,North Star alignment with customer,,,,,2025-06-06,2025-09-09,0.00,,true,
PRJ-005,TSK-0034,Technical configuration - Review and Update,Completed,Bowen-Chapman - Enterprise Rollout,PHS-002,Configure & Build,,,2025-06-16,2025-11-21,16.00,,,,,,,,,2025-12-18,2025-12-18,0.00,,true,OOTB Issues Analysis
PRJ-005,TSK-0035,Draft BRD & IRD,In progress,Bowen-Chapman - Enterprise Rollout,PHS-006,Discover & Design,,,2025-06-30,2026-01-09,7.00,true,,,Discovery Workshop,,,,,2025-09-09,,0.00,,true,OOTB Solution Discovery
PRJ-005,TSK-0036,Alignment on Post Go-Live Support Plan,Completed,Bowen-Chapman - Enterprise Rollout,PHS-004,Initiate,,,2025-07-04,2025-10-03,0.00,,,,,,,,,2025-06-06,2025-11-13,0.00,,true,Transition - IROS/CS/CSM
PRJ-005,TSK-0037,Document Case Study,NA,Bowen-Chapman - Enterprise Rollout,PHS-003,Measure,,,2025-06-18,2025-06-18,0.00,,,,,,,,,2025-06-25,2025-06-25,0.00,,true,Program Management & Governance
PRJ-005,TSK-0038,Legacy Data Upload (if any pending),NA,Bowen-Chapman - Enterprise Rollout,PHS-005,Transfer,,,2025-08-25,2025-08-29,0.00,,,,,,,,,2025-09-23,2025-09-23,0.00,,true,Legacy Migration
PRJ-005,TSK-0039,Establish Foundation Training Plan,NA,Bowen-Chapman - Enterprise Rollout,PHS-001,Getting Started,,,2025-05-19,2025-05-19,0.00,,,,,,,,,2025-06-06,2025-06-06,0.00,,true,
PRJ-005,TSK-0040,Reports development,NA,Bowen-Chapman - Enterprise Rollout,PHS-002,Configure & Build,,,2025-06-10,2025-06-30,0.00,,,,,,,,,2025-08-05,2025-08-05,0.00,,true,TC Custom Report
PRJ-005,TSK-0041,(Updated) Checklist : Disc Workshop Readiness,Completed,Bowen-Chapman - Enterprise Rollout,PHS-004,Initiate,,,2025-05-27,2025-05-27,0.00,,,,,TSK-0047,Discovery Workshop Readiness,,,2025-12-18,2025-12-18,0.00,,true,
PRJ-005,TSK-0042,COE Review - Solution Design,NA,Bowen-Chapman - Enterprise Rollout,PHS-006,Discover & Design,,,2025-06-30,2025-08-29,0.00,,,,,,,,,2025-09-09,2025-09-09,0.00,,true,
PRJ-005,TSK-0043,Remove Sharepoint Access,To do,Bowen-Chapman - Enterprise Rollout,PHS-005,Transfer,,,2025-09-01,2025-09-01,0.00,,,,,TSK-0068,Project Closure,,,,,0.00,,true,Program Management & Governance
PRJ-005,TSK-0044,Cutover Planning,Completed,Bowen-Chapman - Enterprise Rollout,PHS-005,Transfer,,,2025-11-24,2025-11-28,0.00,,,,,,,,,2025-12-18,2025-12-18,0.00,,true,Release and Go-Live
PRJ-005,TSK-0045,Identify NFRs committed in SOW,NA,Bowen-Chapman - Enterprise Rollout,PHS-001,Getting Started,,,2025-05-19,2025-05-19,0.00,,,,,,,,,2025-06-06,2025-06-06,0.00,,true,
PRJ-005,TSK-0046,Reports development - Review and Update,NA,Bowen-Chapman - Enterprise Rollout,PHS-002,Configure & Build,,,2025-06-10,2025-06-30,0.00,,,,,,,,,2025-08-05,2025-08-05,0.00,,true,
PRJ-005,TSK-0047,Discovery Workshop Readiness,Completed,Bowen-Chapman - Enterprise Rollout,PHS-004,Initiate,,,2025-05-27,2025-05-27,0.00,,,,Value use case prioritization for Golden Instance,,,,,2025-06-06,2025-06-06,0.00,,true,
PRJ-005,TSK-0048,Success Criteria Sign-off,Completed,Bowen-Chapman - Enterprise Rollout,PHS-006,Discover & Design,,,2025-06-30,2025-08-29,0.00,,,,,,,,,2025-09-09,2025-09-09,0.00,,true,Program Management & Governance
PRJ-005,TSK-0049,Trim Resource Bookings (as applicable),To do,Bowen-Chapman - Enterprise Rollout,PHS-005,Transfer,,,2025-09-01,2025-09-01,0.00,,,,,TSK-0068,Project Closure,,,,,0.00,,true,Program Management & Governance
PRJ-005,TSK-0050,Tentative plan for FTTV (as applicable),Completed,Bowen-Chapman - Enterprise Rollout,PHS-001,Getting Started,,,2025-05-19,2025-05-19,0.00,,,,,,,,,2025-06-06,2025-06-16,0.00,,true,Program Management & Governance
PRJ-005,TSK-0051,Smoke testing for Go-Live & issue fixes,Completed,Bowen-Chapman - Enterprise Rollout,PHS-005,Transfer,,,2025-11-28,2025-11-30,0.00,,,,,,,,,2025-12-18,2025-12-18,0.00,,true,
PRJ-005,TSK-0052,Remove Prod Access of PS users,To do,Bowen-Chapman - Enterprise Rollout,PHS-005,Transfer,,,2025-09-01,2025-09-01,0.00,,,,,TSK-0068,Project Closure,,,,,0.00,,true,Program Management & Governance
PRJ-005,TSK-0053,Troubleshooting - Environmental/Platform/DB issues/OOTB adaptors,NA,Bowen-Chapman - Enterprise Rollout,PHS-002,Configure & Build,,,2025-06-10,2025-06-30,8.00,,,,,,,,,2025-08-05,2025-08-05,0.00,,true,OOTB Issues Analysis
PRJ-005,TSK-0054,Draft & Baseline Configuration Workbook,Completed,Bowen-Chapman - Enterprise Rollout,PHS-006,Discover & Design,,,2025-06-30,2025-08-29,0.00,,,,,,,,,2025-09-09,2025-09-09,0.00,,true,OOTB Solution Discovery
PRJ-005,TSK-0055,Finalize Adoption Strategy with Customer,NA,Bowen-Chapman - Enterprise Rollout,PHS-004,Initiate,,,2025-08-31,2025-09-30,0.00,,,,,,,,,2025-06-06,2025-11-13,0.00,,true,
PRJ-005,TSK-0056,Creation & Peer Review - Project Initiation Deck,Completed,Bowen-Chapman - Enterprise Rollout,PHS-001,Getting Started,,,2025-05-19,2025-05-19,0.00,,,,,,,,,2025-06-06,2025-06-16,0.00,,true,Project Setup
PRJ-005,TSK-0057,Go-Live GO/No GO review,Completed,Bowen-Chapman - Enterprise Rollout,PHS-005,Transfer,,,2025-12-01,2025-12-01,0.00,,,,UAT Sign-off,,,,,2025-12-18,2025-12-18,0.00,,true,Release and Go-Live
PRJ-005,TSK-0058,Verify Billing Milestones with Finance,To do,Bowen-Chapman - Enterprise Rollout,PHS-005,Transfer,,,2025-09-01,2025-09-01,0.00,,,,,TSK-0068,Project Closure,,,,,0.00,,true,Program Management & Governance
PRJ-005,TSK-0059,Package Preparation and deployment,Completed,Bowen-Chapman - Enterprise Rollout,PHS-002,Configure & Build,,,2025-06-10,2025-11-21,0.00,,,,,,,,,2025-12-18,2025-12-18,0.00,,true,Build and Deployment
PRJ-005,TSK-0060,Peer Review - BRD / IRD Draft,In progress,Bowen-Chapman - Enterprise Rollout,PHS-006,Discover & Design,,,2026-04-03,2026-04-10,0.00,,,,,,,,,2025-09-09,,0.00,,true,
PRJ-005,TSK-0061,Project Initiation Meeting,Completed,Bowen-Chapman - Enterprise Rollout,PHS-001,Getting Started,,,2025-05-20,2025-05-20,0.00,,,,Creation & Peer Review - Project Initiation Deck,,,,,2025-06-06,2025-06-06,0.00,,true,Project Setup
PRJ-005,TSK-0062,Plan for SOW Open Items,NA,Bowen-Chapman - Enterprise Rollout,PHS-005,Transfer,,,2025-10-27,2025-10-31,0.00,,,,,,,,,2025-11-13,2025-11-13,0.00,,true,Program Management & Governance
PRJ-005,TSK-0063,Upload all baselined project artifacts in RL (if any pending),To do,Bowen-Chapman - Enterprise Rollout,PHS-005,Transfer,,,2025-09-01,2025-09-01,0.00,,,,,TSK-0068,Project Closure,,,,,0.00,,true,Program Management & Governance
PRJ-005,TSK-0064,Security Testing,NA,Bowen-Chapman - Enterprise Rollout,PHS-002,Configure & Build,,,2025-06-10,2025-11-21,0.00,,,,,,,,,2025-12-18,2025-12-18,0.00,,true,Test Execution - Unit Testing/SIT/UAT
PRJ-005,TSK-0065,BRD Sign-off,NA,Bowen-Chapman - Enterprise Rollout,PHS-006,Discover & Design,,,2025-09-02,2025-11-28,0.00,,,,,,,,,2025-09-23,2025-12-18,0.00,,true,OOTB Solution Discovery
PRJ-005,TSK-0066,Technical Go-Live (if applicable),NA,Bowen-Chapman - Enterprise Rollout,PHS-005,Transfer,,,2025-06-19,2025-06-19,0.00,,,,,,,,,2025-06-25,2025-06-25,0.00,,true,Release and Go-Live
PRJ-005,TSK-0067,Executive Alignment Meeting,Completed,Bowen-Chapman - Enterprise Rollout,PHS-001,Getting Started,,,2025-05-19,2025-05-19,0.00,,,,,,,,,2025-06-06,2025-06-06,0.00,,true,Program Management & Governance
PRJ-005,TSK-0068,Project Closure,To do,Bowen-Chapman - Enterprise Rollout,PHS-005,Transfer,,,2025-09-01,2026-01-09,0.00,,,,,,,,,,,0.00,,true,Program Management & Governance
PRJ-005,TSK-0069,Local Environment Setup for Development,NA,Bowen-Chapman - Enterprise Rollout,PHS-002,Configure & Build,,,2025-06-10,2025-11-21,0.00,,,,,,,,,2025-12-18,2025-12-18,0.00,,true,TC Coding
PRJ-005,TSK-0070,Business Go-Live,Completed,Bowen-Chapman - Enterprise Rollout,PHS-005,Transfer,,,2025-12-12,2025-12-12,0.00,,,,,,,,,2025-12-18,2025-12-18,0.00,,true,Release and Go-Live
PRJ-005,TSK-0071,IRD Sign-off,NA,Bowen-Chapman - Enterprise Rollout,PHS-006,Discover & Design,,,2025-09-02,2025-11-28,0.00,,,,,,,,,2025-09-23,2025-12-18,0.00,,true,OOTB Solution Discovery
PRJ-005,TSK-0072,Unit Testing & Buddy Testing,Completed,Bowen-Chapman - Enterprise Rollout,PHS-002,Configure & Build,,,2025-06-10,2025-11-21,0.00,,,,,,,,,2025-12-18,2025-12-18,0.00,,true,Test Execution - Unit Testing/SIT/UAT
PRJ-005,TSK-0073,Go-Live Announcement,Completed,Bowen-Chapman - Enterprise Rollout,PHS-005,Transfer,,,2025-12-01,2025-12-03,0.00,,,,,,,,,2025-12-18,2025-12-18,0.00,,true,Release and Go-Live
PRJ-005,TSK-0074,Technical feasibility assessment,Completed,Bowen-Chapman - Enterprise Rollout,PHS-006,Discover & Design,,,2025-05-28,2025-08-29,0.00,,,,,,,,,2025-09-15,2025-09-15,0.00,,true,OOTB Solution Discovery
PRJ-005,TSK-0075,System Integration Testing,Completed,Bowen-Chapman - Enterprise Rollout,PHS-002,Configure & Build,,,2025-06-10,2025-11-21,0.00,,,,,,,,,2025-12-18,2025-12-18,0.00,,true,Test Execution - Unit Testing/SIT/UAT
PRJ-005,TSK-0076,Transition to CSM / CA,Completed,Bowen-Chapman - Enterprise Rollout,PHS-005,Transfer,,,2025-10-20,2025-10-31,0.00,,,,,,,,,2025-11-13,2025-11-13,0.00,,true,Transition - IROS/CS/CSM
PRJ-005,TSK-0077,"Legacy Migration scope, strategy and plan",Completed,Bowen-Chapman - Enterprise Rollout,PHS-006,Discover & Design,,,2025-08-29,2025-09-19,0.00,,,,,,,,,2025-09-09,2025-09-09,0.00,,true,Legacy Migration
PRJ-005,TSK-0078,Configuration Walkthrough,Completed,Bowen-Chapman - Enterprise Rollout,PHS-002,Configure & Build,,,2025-06-10,2025-11-21,6.00,,,,,,,,,2025-12-18,2025-12-18,0.00,,true,
PRJ-005,TSK-0079,Peer Review - Test Strategy and Plan,Completed,Bowen-Chapman - Enterprise Rollout,PHS-006,Discover & Design,,,2025-09-08,2025-09-19,0.00,,,,,,,,,2025-09-23,2025-09-23,0.00,,true,Test Planning - Unit Testing/SIT/UAT
PRJ-005,TSK-0080,Implementation Satisfaction Survey,To do,Bowen-Chapman - Enterprise Rollout,PHS-005,Transfer,,,2026-01-05,2026-01-13,0.00,,,,,TSK-0082,Initiate ISAT Survey with the Customer,,,,,0.00,,true,Program Management & Governance
PRJ-005,TSK-0081,COE Review Recommendations Implemented,NA,Bowen-Chapman - Enterprise Rollout,PHS-002,Configure & Build,,,2025-06-10,2025-08-31,0.00,,,,,,,,,2025-09-09,2025-09-09,0.00,,true,
PRJ-005,TSK-0082,Initiate ISAT Survey with the Customer,To do,Bowen-Chapman - Enterprise Rollout,PHS-005,Transfer,,,2026-01-05,2026-01-30,0.00,true,,,Business Go-Live,,,,,,,0.00,,true,Program Management & Governance
PRJ-005,TSK-0083,"Test Strategy, plan and acceptance criteria",Completed,Bowen-Chapman - Enterprise Rollout,PHS-006,Discover & Design,,,2025-08-29,2025-09-19,0.00,,,,,,,,,2025-09-23,2025-09-23,0.00,,true,Test Planning - Unit Testing/SIT/UAT
PRJ-005,TSK-0084,Performance Testing,Completed,Bowen-Chapman - Enterprise Rollout,PHS-002,Configure & Build,,,2025-06-10,2025-11-21,0.00,,,,,,,,,2025-12-18,2025-12-18,0.00,,true,Test Execution - Unit Testing/SIT/UAT
PRJ-005,TSK-0085,Test Scripts Creation and Alignment with Customer,In progress,Bowen-Chapman - Enterprise Rollout,PHS-006,Discover & Design,,,2025-09-08,2025-11-28,0.00,,,,,,,,,2025-09-23,,0.00,,true,Test Planning - Unit Testing/SIT/UAT
PRJ-005,TSK-0086,Automation Testing,NA,Bowen-Chapman - Enterprise Rollout,PHS-002,Configure & Build,,,2025-06-10,2025-06-30,0.00,,,,,,,,,2025-08-05,2025-08-05,0.00,,true,Test Execution - Unit Testing/SIT/UAT
PRJ-005,TSK-0087,Peer Review - Project Plan,Completed,Bowen-Chapman - Enterprise Rollout,PHS-006,Discover & Design,,,2025-06-16,2025-08-29,0.00,,,,,,,,,2025-09-15,2025-09-15,0.00,,true,Program Management & Governance
PRJ-005,TSK-0088,Setup Blob,To do,Bowen-Chapman - Enterprise Rollout,PHS-002,Configure & Build,,,2025-06-10,2025-06-10,0.00,,,,,TSK-0095,Legacy Migration,,,,,0.00,,true,Legacy Migration
PRJ-005,TSK-0089,Checklist : Estimation & Planning,To do,Bowen-Chapman - Enterprise Rollout,PHS-006,Discover & Design,,,2025-09-08,2025-09-08,0.00,,,,,TSK-0091,Project Plan Sign-off,,,,,0.00,,true,Program Management & Governance
PRJ-005,TSK-0090,Validation via Sample contracts in Platform Dev environment,To do,Bowen-Chapman - Enterprise Rollout,PHS-002,Configure & Build,,,2025-06-10,2025-06-10,0.00,,,,,TSK-0095,Legacy Migration,,,,,0.00,,true,Legacy Migration
PRJ-005,TSK-0091,Project Plan Sign-off,Completed,Bowen-Chapman - Enterprise Rollout,PHS-006,Discover & Design,,,2025-09-01,2025-09-08,0.00,,,,Peer Review - Project Plan,,,,,2025-09-15,2025-09-15,0.00,,true,Program Management & Governance
PRJ-005,TSK-0092,"Capture feedback, perform refinements as applicable",To do,Bowen-Chapman - Enterprise Rollout,PHS-002,Configure & Build,,,2025-06-10,2025-06-10,0.00,,,,,TSK-0095,Legacy Migration,,,,,0.00,,true,Legacy Migration
PRJ-005,TSK-0093,Review Change Management / Adoption Plan with Customer,NA,Bowen-Chapman - Enterprise Rollout,PHS-006,Discover & Design,,,2025-05-28,2025-08-29,0.00,,,,,,,,,2025-09-15,2025-09-15,0.00,,true,
PRJ-005,TSK-0094,Execute migration scripts on sample population for Pre-UAT / UAT,To do,Bowen-Chapman - Enterprise Rollout,PHS-002,Configure & Build,,,2025-06-10,2025-06-10,0.00,,,,,TSK-0095,Legacy Migration,,,,,0.00,,true,Legacy Migration
PRJ-005,TSK-0095,Legacy Migration,Blocked,Bowen-Chapman - Enterprise Rollout,PHS-002,Configure & Build,,,,,0.00,,,,,,,,,2025-09-09,,0.00,,true,Legacy Migration
PRJ-005,TSK-0096,Product Usage Training for Super User,NA,Bowen-Chapman - Enterprise Rollout,PHS-002,Configure & Build,,,2025-06-10,2025-11-21,0.00,,,,,,,,,2025-12-18,2025-12-18,0.00,,true,
PRJ-005,TSK-0097,Pre-UAT by customer core team,Completed,Bowen-Chapman - Enterprise Rollout,PHS-002,Configure & Build,,,2025-09-22,2025-11-21,0.00,,,,COE Review Recommendations Implemented,,,,,2025-12-18,2025-12-18,0.00,,true,Test Execution - Unit Testing/SIT/UAT
PRJ-005,TSK-0098,Pre-UAT feedback incorporation & defect fixing,Completed,Bowen-Chapman - Enterprise Rollout,PHS-002,Configure & Build,,,2025-06-10,2025-11-21,0.00,,,,,,,,,2025-12-18,2025-12-18,0.00,,true,Test Execution - Unit Testing/SIT/UAT
PRJ-005,TSK-0099,Customer Support Transition Initiation,Completed,Bowen-Chapman - Enterprise Rollout,PHS-002,Configure & Build,,,2025-07-08,2025-09-08,0.00,,,,,,,,,2025-09-15,2025-09-15,0.00,,true,Transition - IROS/CS/CSM
PRJ-005,TSK-0100,UAT Go/No Go Review (Internal Sign-off with PD/GM/VP),Completed,Bowen-Chapman - Enterprise Rollout,PHS-002,Configure & Build,,,2025-11-24,2025-11-24,0.00,,,,Pre-UAT feedback incorporation & defect fixing,,,,,2025-12-18,2025-12-18,0.00,,true,Test Execution - Unit Testing/SIT/UAT
PRJ-005,TSK-0101,Project PS RAG Status,NA,Bowen-Chapman - Enterprise Rollout,PHS-007,Governance,,,2025-05-19,2025-12-16,0.00,,,,,,,,,2025-06-04,2025-08-06,0.00,,true,
PRJ-005,TSK-0102,Steering Committee Meeting Details,In progress,Bowen-Chapman - Enterprise Rollout,PHS-007,Governance,,,2025-05-19,2026-01-02,0.00,,,,,,,,,2026-03-19,,0.00,,true,
PRJ-005,TSK-0103,Project PS RAG Status-New,In progress,Bowen-Chapman - Enterprise Rollout,PHS-007,Governance,,,,,0.00,,,,,,,,,2026-03-19,,0.00,,true,
PRJ-005,TSK-0104,Current Project Status,NA,Bowen-Chapman - Enterprise Rollout,PHS-007,Governance,Jordan Henderson,,,2026-01-30,0.00,,,,,,,,,2025-09-25,2026-01-22,0.00,,true,
PRJ-005,TSK-0105,Project Status Tracking,Completed,Bowen-Chapman - Enterprise Rollout,PHS-007,Governance,Jordan Henderson,,,2025-10-31,0.00,,,,,,,,,2025-11-06,2025-11-06,0.00,,true,
PRJ-005,TSK-0106,Overall Exec Summary,In progress,Bowen-Chapman - Enterprise Rollout,PHS-007,Governance,,,,2026-04-03,0.00,,,,,,,,,2025-11-06,,0.00,,true,
PRJ-005,TSK-0107,Key Risks & Issues,In progress,Bowen-Chapman - Enterprise Rollout,PHS-007,Governance,,,,2026-04-03,0.00,,,,,,,,,2025-11-06,,0.00,,true,
PRJ-005,TSK-0108,Challenges,In progress,Bowen-Chapman - Enterprise Rollout,PHS-007,Governance,,,,2026-04-03,0.00,,,,,,,,,2025-11-06,,0.00,,true,
PRJ-005,TSK-0109,Opportunities,In progress,Bowen-Chapman - Enterprise Rollout,PHS-007,Governance,,,,2026-04-03,0.00,,,,,,,,,2025-11-06,,0.00,,true,
PRJ-005,TSK-0110,Suggestions for Improvement / Lessons Learned,In progress,Bowen-Chapman - Enterprise Rollout,PHS-007,Governance,,,,2026-04-03,0.00,,,,,,,,,2025-11-06,,0.00,,true,
PRJ-013,TSK-0111,Discovery Workshop,Completed,Stone-Gonzalez - CLM Implementation,PHS-008,Discover & Design,,,2025-11-21,2025-11-21,143.00,,,,Discovery Workshop Readiness,,,,,2025-12-12,2025-12-12,0.00,,false,
PRJ-013,TSK-0112,Sales to DT Handover,NA,Stone-Gonzalez - CLM Implementation,PHS-009,Getting Started,,,2025-11-03,2025-11-03,0.00,,,,,,,,,2025-11-13,2025-11-13,0.00,,false,Project Setup
PRJ-013,TSK-0113,Functional configuration,In progress,Stone-Gonzalez - CLM Implementation,PHS-010,Configure & Build,"Michael Lyons, David Smith, Daniel Murphy",,2026-04-10,,1809.50,,,,,,,,,2025-12-29,,0.00,,false,
PRJ-013,TSK-0114,Starter Kit Walkthrough,Completed,Stone-Gonzalez - CLM Implementation,PHS-011,Initiate,,,2025-11-12,2025-11-12,16.00,,,,Project Initiation Meeting,,,,,2025-11-13,2025-11-13,0.00,,false,
PRJ-013,TSK-0115,CS Team handshake with customer,To do,Stone-Gonzalez - CLM Implementation,PHS-012,Transfer,,,2025-12-02,2026-06-12,0.00,,,,,,,,,,,0.00,,false,Transition - IROS/CS/CSM
PRJ-013,TSK-0116,Hypercare,To do,Stone-Gonzalez - CLM Implementation,PHS-013,Measure,,,2026-06-03,2026-12-09,0.00,,,,Business Go-Live,,,,,,,0.00,,false,
PRJ-013,TSK-0117,Functional configuration - Review and Update,To do,Stone-Gonzalez - CLM Implementation,PHS-010,Configure & Build,,,2026-04-10,,80.00,,,,,,,,,,,0.00,,false,OOTB Issues Analysis
PRJ-013,TSK-0118,"Map functional, non-functional and integration requriements with value levers",NA,Stone-Gonzalez - CLM Implementation,PHS-008,Discover & Design,,,2025-11-18,2025-11-18,0.00,,,,,,,,,2025-12-29,2025-12-29,0.00,,false,
PRJ-013,TSK-0119,Update CS Transition Checklist,To do,Stone-Gonzalez - CLM Implementation,PHS-012,Transfer,,,2025-12-02,2026-06-01,0.00,,,,,,,,,,,0.00,,false,Transition - IROS/CS/CSM
PRJ-013,TSK-0120,CPS Leader Signoff,In progress,Stone-Gonzalez - CLM Implementation,PHS-009,Getting Started,,,2025-11-14,,0.00,,,,Sales to DT Handover,,,,,2025-11-14,,0.00,,false,Project Setup
PRJ-013,TSK-0121,Value use case prioritization for Golden Instance,To do,Stone-Gonzalez - CLM Implementation,PHS-011,Initiate,,,2025-11-20,,0.00,,,,North Star alignment with customer,,,,,,,0.00,,false,
PRJ-013,TSK-0122,Update CS Knowledge Repository,To do,Stone-Gonzalez - CLM Implementation,PHS-013,Measure,,,2025-12-03,2026-05-29,0.00,,,,,,,,,,,0.00,,false,Transition - IROS/CS/CSM
PRJ-013,TSK-0123,Integration development,To do,Stone-Gonzalez - CLM Implementation,PHS-010,Configure & Build,,,2025-12-01,2026-04-30,42.00,,,,,,,,,,,0.00,,false,Cust Int Coding
PRJ-013,TSK-0124,Setup Dev Instance using Golden Instance,To do,Stone-Gonzalez - CLM Implementation,PHS-011,Initiate,,,2025-11-18,,0.00,,,,,,,,,,,0.00,,false,
PRJ-013,TSK-0125,Create Requirement Traceability Matrix,To do,Stone-Gonzalez - CLM Implementation,PHS-008,Discover & Design,,,2026-01-12,2026-02-27,0.00,,,,,,,,,,,0.00,,false,
PRJ-013,TSK-0126,North Star alignment with customer,Completed,Stone-Gonzalez - CLM Implementation,PHS-009,Getting Started,,,2025-11-14,,0.00,,,,Sales to DT Handover,,,,,2025-11-13,2025-11-14,0.00,,false,Program Management & Governance
PRJ-013,TSK-0127,Conduct Health Check - 15th Day & Track success criteria milestones,To do,Stone-Gonzalez - CLM Implementation,PHS-013,Measure,,,2025-12-03,2026-04-29,0.00,,,,,,,,,,,0.00,,false,
PRJ-013,TSK-0128,Train The Trainer / Super User Training,To do,Stone-Gonzalez - CLM Implementation,PHS-012,Transfer,,,2025-12-02,2026-05-20,0.00,,,,,,,,,,,0.00,,false,
PRJ-013,TSK-0129,Integration development - Review and Update,To do,Stone-Gonzalez - CLM Implementation,PHS-010,Configure & Build,,,2026-01-09,,0.00,,,,,,,,,,,0.00,,false,OOTB Issues Analysis
PRJ-013,TSK-0130,Plan for Plan (High Level Project Plan),To do,Stone-Gonzalez - CLM Implementation,PHS-011,Initiate,,,2026-01-16,,0.00,,,,,,,,,,,0.00,,false,Program Management & Governance
PRJ-013,TSK-0131,Fit Gap Analysis - Customer Alignment,Completed,Stone-Gonzalez - CLM Implementation,PHS-008,Discover & Design,,,2025-11-18,2025-11-18,0.00,,,,,,,,,2025-12-29,2025-12-29,0.00,,false,
PRJ-013,TSK-0132,Success Criteria / Value Parameters,Completed,Stone-Gonzalez - CLM Implementation,PHS-009,Getting Started,,,2025-11-14,2025-11-14,0.00,,,,North Star alignment with customer,,,,,2025-11-13,2025-11-16,0.00,,false,Program Management & Governance
PRJ-013,TSK-0133,Discussion on Value & User Adoption,To do,Stone-Gonzalez - CLM Implementation,PHS-013,Measure,,,2025-12-03,2026-03-31,0.00,,,,,,,,,,,0.00,,false,
PRJ-013,TSK-0134,Update Train the Trainer Documentation,To do,Stone-Gonzalez - CLM Implementation,PHS-012,Transfer,,,2025-12-02,2026-04-30,0.00,,,,,,,,,,,0.00,,false,
PRJ-013,TSK-0135,Technical configuration,To do,Stone-Gonzalez - CLM Implementation,PHS-010,Configure & Build,,,2025-11-25,2026-03-31,0.00,,,,,,,,,,,0.00,,false,TC Coding
PRJ-013,TSK-0136,CS Transition Sign-off,To do,Stone-Gonzalez - CLM Implementation,PHS-013,Measure,,,2025-12-03,2026-03-26,0.00,,,,,,,,,,,0.00,,false,Transition - IROS/CS/CSM
PRJ-013,TSK-0137,Foundation Training,Completed,Stone-Gonzalez - CLM Implementation,PHS-011,Initiate,,,2025-11-14,2025-11-14,0.00,,,,Establish Foundation Training Plan,,,,,2025-11-16,2025-11-16,0.00,,false,
PRJ-013,TSK-0138,User & Contract Taxonomy,To do,Stone-Gonzalez - CLM Implementation,PHS-009,Getting Started,,,2025-12-31,,0.00,,,,,,,,,,,0.00,,false,
PRJ-013,TSK-0139,(Updated) Checklist : Scope & Design Finalization,To do,Stone-Gonzalez - CLM Implementation,PHS-008,Discover & Design,,,2025-11-24,2025-11-24,0.00,,,,,TSK-0146,Draft BRD & IRD,,,,,0.00,,false,OOTB Solution Discovery
PRJ-013,TSK-0140,User Acceptance Testing (UAT),To do,Stone-Gonzalez - CLM Implementation,PHS-012,Transfer,,,2025-12-02,2026-05-09,0.00,,,,,,,,,,,0.00,,false,Test Execution - Unit Testing/SIT/UAT
PRJ-013,TSK-0141,Conduct Health Check - 60th Day & Track success criteria milestones,To do,Stone-Gonzalez - CLM Implementation,PHS-013,Measure,,,2025-12-03,2026-05-20,0.00,,,,,,,,,,,0.00,,false,
PRJ-013,TSK-0142,Technical configuration - Review and Update,To do,Stone-Gonzalez - CLM Implementation,PHS-010,Configure & Build,,,2025-11-25,2026-03-31,0.00,,,,,,,,,,,0.00,,false,OOTB Issues Analysis
PRJ-013,TSK-0143,Alignment on Post Go-Live Support Plan,NA,Stone-Gonzalez - CLM Implementation,PHS-011,Initiate,,,2025-11-06,2025-11-06,0.00,,,,,,,,,2025-11-13,2025-11-13,0.00,,false,Transition - IROS/CS/CSM
PRJ-013,TSK-0144,Identify Value Use cases from the North Star & BKM,To do,Stone-Gonzalez - CLM Implementation,PHS-009,Getting Started,,,2025-11-18,,0.00,,,,North Star alignment with customer,,,,,,,0.00,,false,
PRJ-013,TSK-0145,UAT Sign-off,To do,Stone-Gonzalez - CLM Implementation,PHS-012,Transfer,,,2025-11-27,2026-05-09,0.00,,,,,,,,,,,0.00,,false,Test Execution - Unit Testing/SIT/UAT
PRJ-013,TSK-0146,Draft BRD & IRD,In progress,Stone-Gonzalez - CLM Implementation,PHS-008,Discover & Design,,,2026-01-16,,150.50,,,,,,,,,2025-12-16,,0.00,,false,OOTB Solution Discovery
PRJ-013,TSK-0147,Document Case Study,To do,Stone-Gonzalez - CLM Implementation,PHS-013,Measure,,,2025-12-03,2026-06-17,0.00,,,,,,,,,,,0.00,,false,Program Management & Governance
PRJ-013,TSK-0148,Reports development,To do,Stone-Gonzalez - CLM Implementation,PHS-010,Configure & Build,,,2025-11-25,2026-04-30,0.00,,,,,,,,,,,0.00,,false,TC Custom Report
PRJ-013,TSK-0149,(Updated) Checklist : Disc Workshop Readiness,Completed,Stone-Gonzalez - CLM Implementation,PHS-011,Initiate,,,2025-11-17,2025-11-17,0.00,,,,,TSK-0155,Discovery Workshop Readiness,,,2025-11-18,2025-11-18,0.00,,false,
PRJ-013,TSK-0150,Establish Foundation Training Plan,In progress,Stone-Gonzalez - CLM Implementation,PHS-009,Getting Started,,,2025-11-14,,0.00,,,,,,,,,2025-11-13,,0.00,,false,
PRJ-013,TSK-0151,Legacy Data Upload (if any pending),To do,Stone-Gonzalez - CLM Implementation,PHS-012,Transfer,,,2025-12-02,2026-06-10,0.00,,,,,,,,,,,0.00,,false,Legacy Migration
PRJ-013,TSK-0152,COE Review - Solution Design,To do,Stone-Gonzalez - CLM Implementation,PHS-008,Discover & Design,,,2026-01-16,,0.00,,,,,,,,,,,0.00,,false,
PRJ-013,TSK-0153,Remove Sharepoint Access,To do,Stone-Gonzalez - CLM Implementation,PHS-013,Measure,,,2025-12-03,2025-12-03,0.00,,,,,TSK-0180,Project Closure,,,,,0.00,,false,Program Management & Governance
PRJ-013,TSK-0154,Identify NFRs committed in SOW,In progress,Stone-Gonzalez - CLM Implementation,PHS-009,Getting Started,,,2025-11-14,,0.00,,,,,,,,,2025-11-13,,0.00,,false,
PRJ-013,TSK-0155,Discovery Workshop Readiness,Completed,Stone-Gonzalez - CLM Implementation,PHS-011,Initiate,,,2025-11-17,2025-11-17,0.00,,,,Value use case prioritization for Golden Instance,,,,,2025-11-13,2025-11-18,0.00,,false,
PRJ-013,TSK-0156,Reports development - Review and Update,NA,Stone-Gonzalez - CLM Implementation,PHS-010,Configure & Build,,,2025-11-25,2025-11-25,0.00,,,,,,,,,2025-12-16,2025-12-16,0.00,,false,
PRJ-013,TSK-0157,Cutover Planning,To do,Stone-Gonzalez - CLM Implementation,PHS-012,Transfer,,,2025-12-02,2026-05-28,0.00,,,,,,,,,,,0.00,,false,Release and Go-Live
PRJ-013,TSK-0158,Success Criteria Sign-off,To do,Stone-Gonzalez - CLM Implementation,PHS-008,Discover & Design,,,2026-01-09,,0.00,,,,,,,,,,,0.00,,false,Program Management & Governance
PRJ-013,TSK-0159,Trim Resource Bookings (as applicable),To do,Stone-Gonzalez - CLM Implementation,PHS-013,Measure,,,2025-12-03,2025-12-03,0.00,,,,,TSK-0180,Project Closure,,,,,0.00,,false,Program Management & Governance
PRJ-013,TSK-0160,Tentative plan for FTTV (as applicable),To do,Stone-Gonzalez - CLM Implementation,PHS-009,Getting Started,,,2025-11-14,,0.00,,,,,,,,,,,0.00,,false,Program Management & Governance
PRJ-013,TSK-0161,Troubleshooting - Environmental/Platform/DB issues/OOTB adaptors,In progress,Stone-Gonzalez - CLM Implementation,PHS-010,Configure & Build,,,2025-11-25,2026-03-31,8.00,,,,,,,,,2026-02-09,,0.00,,false,OOTB Issues Analysis
PRJ-013,TSK-0162,Finalize Adoption Strategy with Customer,To do,Stone-Gonzalez - CLM Implementation,PHS-011,Initiate,,,2025-11-21,,0.00,,,,,,,,,,,0.00,,false,
PRJ-013,TSK-0163,Smoke testing for Go-Live & issue fixes,To do,Stone-Gonzalez - CLM Implementation,PHS-012,Transfer,,,2025-12-02,2026-05-25,0.00,,,,,,,,,,,0.00,,false,
PRJ-013,TSK-0164,Draft & Baseline Configuration Workbook,In progress,Stone-Gonzalez - CLM Implementation,PHS-008,Discover & Design,,,2026-01-09,,2.00,,,,,,,,,2025-12-29,,0.00,,false,OOTB Solution Discovery
PRJ-013,TSK-0165,Remove Prod Access of PS users,To do,Stone-Gonzalez - CLM Implementation,PHS-013,Measure,,,2025-12-03,2025-12-03,0.00,,,,,TSK-0180,Project Closure,,,,,0.00,,false,Program Management & Governance
PRJ-013,TSK-0166,Creation & Peer Review - Project Initiation Deck,Completed,Stone-Gonzalez - CLM Implementation,PHS-009,Getting Started,,,2025-11-10,,0.00,,,,,,,,,2025-11-16,2025-11-16,0.00,,false,Project Setup
PRJ-013,TSK-0167,Package Preparation and deployment,To do,Stone-Gonzalez - CLM Implementation,PHS-010,Configure & Build,,,2025-11-25,2026-05-26,0.00,,,,,,,,,,,0.00,,false,Build and Deployment
PRJ-013,TSK-0168,Go-Live GO/No GO review,To do,Stone-Gonzalez - CLM Implementation,PHS-012,Transfer,,,2026-05-10,2026-06-01,0.00,,,,UAT Sign-off,,,,,,,0.00,,false,Release and Go-Live
PRJ-013,TSK-0169,Peer Review - BRD / IRD Draft,To do,Stone-Gonzalez - CLM Implementation,PHS-008,Discover & Design,,,2026-01-14,,0.00,,,,,,,,,,,0.00,,false,
PRJ-013,TSK-0170,Verify Billing Milestones with Finance,To do,Stone-Gonzalez - CLM Implementation,PHS-013,Measure,,,2025-12-03,2025-12-03,0.00,,,,,TSK-0180,Project Closure,,,,,0.00,,false,Program Management & Governance
PRJ-013,TSK-0171,Plan for SOW Open Items,To do,Stone-Gonzalez - CLM Implementation,PHS-012,Transfer,,,2025-12-02,2026-05-28,0.00,,,,,,,,,,,0.00,,false,Program Management & Governance
PRJ-013,TSK-0172,Project Initiation Meeting,Completed,Stone-Gonzalez - CLM Implementation,PHS-009,Getting Started,,,2025-11-10,,4.00,,,,Creation & Peer Review - Project Initiation Deck,,,,,2025-11-16,2025-11-16,0.00,,false,Project Setup
PRJ-013,TSK-0173,Security Testing,To do,Stone-Gonzalez - CLM Implementation,PHS-010,Configure & Build,,,2025-11-25,2026-03-31,0.00,,,,,,,,,,,0.00,,false,Test Execution - Unit Testing/SIT/UAT
PRJ-013,TSK-0174,BRD Sign-off,To do,Stone-Gonzalez - CLM Implementation,PHS-008,Discover & Design,,,2026-01-23,,0.00,,,,"COE Review - Solution Design, Peer Review - BRD / IRD Draft",,,,,,,0.00,,false,OOTB Solution Discovery
PRJ-013,TSK-0175,Upload all baselined project artifacts in RL (if any pending),To do,Stone-Gonzalez - CLM Implementation,PHS-013,Measure,,,2025-12-03,2025-12-03,0.00,,,,,TSK-0180,Project Closure,,,,,0.00,,false,Program Management & Governance
PRJ-013,TSK-0176,Executive Alignment Meeting,Completed,Stone-Gonzalez - CLM Implementation,PHS-009,Getting Started,,,2025-11-10,,0.00,,,,,,,,,2025-11-16,2025-11-16,0.00,,false,Program Management & Governance
PRJ-013,TSK-0177,Local Environment Setup for Development,Completed,Stone-Gonzalez - CLM Implementation,PHS-010,Configure & Build,,,2025-11-25,2025-11-25,0.00,,,,,,,,,2026-02-09,2026-02-09,0.00,,false,TC Coding
PRJ-013,TSK-0178,Technical Go-Live (if applicable),To do,Stone-Gonzalez - CLM Implementation,PHS-012,Transfer,,,2025-12-04,2026-06-08,0.00,,,,,,,,,,,0.00,,false,Release and Go-Live
PRJ-013,TSK-0179,IRD Sign-off,To do,Stone-Gonzalez - CLM Implementation,PHS-008,Discover & Design,,,2026-01-16,,0.00,,,,"COE Review - Solution Design, Peer Review - BRD / IRD Draft",,,,,,,0.00,,false,OOTB Solution Discovery
PRJ-013,TSK-0180,Project Closure,To do,Stone-Gonzalez - CLM Implementation,PHS-013,Measure,,,2025-12-03,2026-07-29,0.00,,,,,,,,,,,0.00,,false,Program Management & Governance
PRJ-013,TSK-0181,Unit Testing & Buddy Testing,To do,Stone-Gonzalez - CLM Implementation,PHS-010,Configure & Build,,,2026-03-23,2026-05-09,25.00,,,,,,,,,,,0.00,,false,Test Execution - Unit Testing/SIT/UAT
PRJ-013,TSK-0182,Technical feasibility assessment,Completed,Stone-Gonzalez - CLM Implementation,PHS-008,Discover & Design,,,2025-11-14,,10.50,,,,,,,,,2025-11-16,2025-11-16,0.00,,false,OOTB Solution Discovery
PRJ-013,TSK-0183,Business Go-Live,To do,Stone-Gonzalez - CLM Implementation,PHS-012,Transfer,,,2026-06-02,2026-06-02,0.00,,,,Go-Live GO/No GO review,,,,,,,0.00,,false,Release and Go-Live
PRJ-013,TSK-0184,"Legacy Migration scope, strategy and plan",To do,Stone-Gonzalez - CLM Implementation,PHS-008,Discover & Design,,,2026-01-09,,0.00,,,,,,,,,,,0.00,,false,Legacy Migration
PRJ-013,TSK-0185,System Integration Testing,To do,Stone-Gonzalez - CLM Implementation,PHS-010,Configure & Build,,,2026-03-23,2026-04-06,0.00,,,,,,,,,,,0.00,,false,Test Execution - Unit Testing/SIT/UAT
PRJ-013,TSK-0186,Go-Live Announcement,To do,Stone-Gonzalez - CLM Implementation,PHS-012,Transfer,,,2026-06-03,2026-06-03,0.00,,,,Business Go-Live,,,,,,,0.00,,false,Release and Go-Live
PRJ-013,TSK-0187,Peer Review - Test Strategy and Plan,To do,Stone-Gonzalez - CLM Implementation,PHS-008,Discover & Design,,,2026-02-27,,0.00,,,,,,,,,,,0.00,,false,Test Planning - Unit Testing/SIT/UAT
PRJ-013,TSK-0188,Configuration Walkthrough,To do,Stone-Gonzalez - CLM Implementation,PHS-010,Configure & Build,,,2025-11-25,2026-06-09,0.00,,,,,,,,,,,0.00,,false,
PRJ-013,TSK-0189,Transition to CSM / CA,To do,Stone-Gonzalez - CLM Implementation,PHS-012,Transfer,,,2025-12-02,2026-05-27,0.00,,,,,,,,,,,0.00,,false,Transition - IROS/CS/CSM
PRJ-013,TSK-0190,"Test Strategy, plan and acceptance criteria",To do,Stone-Gonzalez - CLM Implementation,PHS-008,Discover & Design,,,2026-02-06,,0.00,,,,Peer Review - Test Strategy and Plan,,,,,,,0.00,,false,Test Planning - Unit Testing/SIT/UAT
PRJ-013,TSK-0191,COE Review Recommendations Implemented,To do,Stone-Gonzalez - CLM Implementation,PHS-010,Configure & Build,,,2025-11-25,2026-06-01,0.00,,,,,,,,,,,0.00,,false,
PRJ-013,TSK-0192,Implementation Satisfaction Survey,To do,Stone-Gonzalez - CLM Implementation,PHS-012,Transfer,,,2026-06-03,2026-06-23,0.00,,,,,TSK-0195,Initiate ISAT Survey with the Customer,,,,,0.00,,false,Program Management & Governance
PRJ-013,TSK-0193,Test Scripts Creation and Alignment with Customer,To do,Stone-Gonzalez - CLM Implementation,PHS-008,Discover & Design,,,2026-03-20,,79.00,,,,,,,,,,,0.00,,false,Test Planning - Unit Testing/SIT/UAT
PRJ-013,TSK-0194,Performance Testing,To do,Stone-Gonzalez - CLM Implementation,PHS-010,Configure & Build,,,2025-11-25,2026-05-08,0.00,,,,,,,,,,,0.00,,false,Test Execution - Unit Testing/SIT/UAT
PRJ-013,TSK-0195,Initiate ISAT Survey with the Customer,To do,Stone-Gonzalez - CLM Implementation,PHS-012,Transfer,,,2026-06-03,2026-07-30,0.00,true,,,Business Go-Live,,,,,,,0.00,,false,Program Management & Governance
PRJ-013,TSK-0196,Peer Review - Project Plan,To do,Stone-Gonzalez - CLM Implementation,PHS-008,Discover & Design,,,2025-11-18,2026-03-31,2.00,,,,,,,,,,,0.00,,false,Program Management & Governance
PRJ-013,TSK-0197,Automation Testing,To do,Stone-Gonzalez - CLM Implementation,PHS-010,Configure & Build,,,2025-11-25,2026-05-11,0.00,,,,,,,,,,,0.00,,false,Test Execution - Unit Testing/SIT/UAT
PRJ-013,TSK-0198,Setup Blob,To do,Stone-Gonzalez - CLM Implementation,PHS-010,Configure & Build,,,2025-11-25,2025-11-25,0.00,,,,,TSK-0205,Legacy Migration,,,,,0.00,,false,Legacy Migration
PRJ-013,TSK-0199,Checklist : Estimation & Planning,To do,Stone-Gonzalez - CLM Implementation,PHS-008,Discover & Design,,,2026-04-01,2026-04-01,0.00,,,,,TSK-0201,Project Plan Sign-off,,,,,0.00,,false,Program Management & Governance
PRJ-013,TSK-0200,Validation via Sample contracts in Platform Dev environment,To do,Stone-Gonzalez - CLM Implementation,PHS-010,Configure & Build,,,2025-11-25,2025-11-25,0.00,,,,,TSK-0205,Legacy Migration,,,,,0.00,,false,Legacy Migration
PRJ-013,TSK-0201,Project Plan Sign-off,To do,Stone-Gonzalez - CLM Implementation,PHS-008,Discover & Design,,,2026-04-01,2026-04-01,0.00,true,,,"BRD Sign-off, Peer Review - Project Plan",,,,,,,0.00,,false,Program Management & Governance
PRJ-013,TSK-0202,"Capture feedback, perform refinements as applicable",To do,Stone-Gonzalez - CLM Implementation,PHS-010,Configure & Build,,,2025-11-25,2025-11-25,0.00,,,,,TSK-0205,Legacy Migration,,,,,0.00,,false,Legacy Migration
PRJ-013,TSK-0203,Review Change Management / Adoption Plan with Customer,Completed,Stone-Gonzalez - CLM Implementation,PHS-008,Discover & Design,,,2025-11-12,,0.00,,,,,,,,,2025-11-16,2025-11-16,0.00,,false,
PRJ-013,TSK-0204,Execute migration scripts on sample population for Pre-UAT / UAT,To do,Stone-Gonzalez - CLM Implementation,PHS-010,Configure & Build,,,2025-11-25,2025-11-25,0.00,,,,,TSK-0205,Legacy Migration,,,,,0.00,,false,Legacy Migration
PRJ-013,TSK-0205,Legacy Migration,To do,Stone-Gonzalez - CLM Implementation,PHS-010,Configure & Build,,,2025-11-25,2026-05-19,0.00,,,,,,,,,,,0.00,,false,Legacy Migration
PRJ-013,TSK-0206,Product Usage Training for Super User,To do,Stone-Gonzalez - CLM Implementation,PHS-010,Configure & Build,,,2025-11-25,2026-05-19,0.00,,,,,,,,,,,0.00,,false,
PRJ-013,TSK-0207,Pre-UAT by customer core team,To do,Stone-Gonzalez - CLM Implementation,PHS-010,Configure & Build,,,2026-06-02,2026-10-23,0.00,,,,COE Review Recommendations Implemented,,,,,,,0.00,,false,Test Execution - Unit Testing/SIT/UAT
PRJ-013,TSK-0208,Pre-UAT feedback incorporation & defect fixing,To do,Stone-Gonzalez - CLM Implementation,PHS-010,Configure & Build,,,2026-03-30,2026-05-09,0.00,,,,,,,,,,,0.00,,false,Test Execution - Unit Testing/SIT/UAT
PRJ-013,TSK-0209,Customer Support Transition Initiation,To do,Stone-Gonzalez - CLM Implementation,PHS-010,Configure & Build,,,2025-11-25,2026-06-08,0.00,,,,,,,,,,,0.00,,false,Transition - IROS/CS/CSM
PRJ-013,TSK-0210,UAT Go/No Go Review (Internal Sign-off with PD/GM/VP),To do,Stone-Gonzalez - CLM Implementation,PHS-010,Configure & Build,,,2026-06-01,2026-06-01,0.00,,,,,,,,0,,,0.00,,false,Test Execution - Unit Testing/SIT/UAT
PRJ-013,TSK-0211,Project management,In progress,Stone-Gonzalez - CLM Implementation,PHS-008,Discover & Design,,,,2026-06-30,495.67,,,,,,,,,2025-12-29,,0.00,,false,
PRJ-028,TSK-0212,P1 Hypercare,To do,Martinez-Wilson - Platform Deployment,PHS-014,P1 Measure,"April Frost, Allen Rosales, Jessica Gross, Lisa Allen, Alyssa Day",,2026-05-04,2026-05-29,0.00,,,,,,,,,,,0.00,,true,
PRJ-028,TSK-0213,P1 CS Team handshake with customer,Completed,Martinez-Wilson - Platform Deployment,PHS-015,P1 Transfer,"Alyssa Day, Lisa Allen",,2026-04-27,2026-05-01,0.00,,,,,,,,,2026-02-12,2026-02-12,0.00,,true,Transition - IROS/CS/CSM
PRJ-028,TSK-0214,P1 Sales to DT Handover,Completed,Martinez-Wilson - Platform Deployment,PHS-016,P1 Getting Started,,,2025-12-08,2025-12-08,0.00,,,,,,,,,2025-12-30,2025-12-30,0.00,,true,Project Setup
PRJ-028,TSK-0215,P1 Discovery Workshop,Completed,Martinez-Wilson - Platform Deployment,PHS-017,P1 Discover & Design,"April Frost, Jessica Gross, Erin Warner, Lisa Allen, Alyssa Day",,2026-01-07,2026-01-23,194.00,,,,P1 Discovery Workshop Readiness,,,,,2026-01-09,2026-01-23,0.00,,true,
PRJ-028,TSK-0216,P1 Starter Kit Walkthrough,Completed,Martinez-Wilson - Platform Deployment,PHS-018,P1 Initiate,"Lisa Allen, Alyssa Day",,2026-01-08,2026-01-08,16.00,,,,P1 Project Initiation Meeting,,,,,2026-01-09,2026-01-09,0.00,,true,
PRJ-028,TSK-0217,P1 Functional configuration,In progress,Martinez-Wilson - Platform Deployment,PHS-019,P1 Configure & Build,"Lisa Allen, Diane Evans, Allen Rosales, Angel Perry, Cameron Fisher",,2026-02-09,2026-04-03,473.00,,,,,,,,,2026-04-02,,0.00,,true,
PRJ-028,TSK-0218,P1 Update CS Transition Checklist,To do,Martinez-Wilson - Platform Deployment,PHS-015,P1 Transfer,"Lisa Allen, Cameron Fisher",,2026-04-06,2026-05-01,0.00,,,,,,,,,,,0.00,,true,Transition - IROS/CS/CSM
PRJ-028,TSK-0219,P1 Update CS Knowledge Repository,To do,Martinez-Wilson - Platform Deployment,PHS-014,P1 Measure,Lisa Allen,,2026-05-04,2026-05-29,0.00,,,,,,,,,,,0.00,,true,Transition - IROS/CS/CSM
PRJ-028,TSK-0220,P1 CPS Leader Signoff,Completed,Martinez-Wilson - Platform Deployment,PHS-016,P1 Getting Started,,,2025-12-09,2025-12-09,0.00,,,,P1 Sales to DT Handover,,,,,2025-12-30,2025-12-30,0.00,,true,Project Setup
PRJ-028,TSK-0221,P1 Functional configuration - Review and Update,To do,Martinez-Wilson - Platform Deployment,PHS-019,P1 Configure & Build,"Lisa Allen, Alyssa Day",,2026-03-30,2026-04-03,40.00,,,,,,,,,,,0.00,,true,OOTB Issues Analysis
PRJ-028,TSK-0222,"P1 Map functional, non-functional and integration requriements with value levers",To do,Martinez-Wilson - Platform Deployment,PHS-017,P1 Discover & Design,"Lisa Allen, Alyssa Day",,2026-01-05,2026-02-20,0.00,,,,,,,,,,,0.00,,true,
PRJ-028,TSK-0223,P1 Value use case prioritization for Golden Instance,NA,Martinez-Wilson - Platform Deployment,PHS-018,P1 Initiate,,,2026-02-23,2026-02-23,0.00,,,,P1 North Star alignment with customer,,,,,2025-12-31,2025-12-31,0.00,,true,
PRJ-028,TSK-0224,P1 Train The Trainer / Super User Training,To do,Martinez-Wilson - Platform Deployment,PHS-015,P1 Transfer,"Lisa Allen, Cameron Fisher",,2026-04-07,2026-04-08,0.00,,,,,,,,,,,0.00,,true,
PRJ-028,TSK-0225,P1 North Star alignment with customer,Completed,Martinez-Wilson - Platform Deployment,PHS-016,P1 Getting Started,"Erin Warner, Alyssa Day",,2025-12-09,2026-02-20,0.00,,,,P1 Sales to DT Handover,,,,,2026-02-26,2026-02-26,0.00,,true,Program Management & Governance
PRJ-028,TSK-0226,P1 Conduct Health Check - 15th Day & Track success criteria milestones,To do,Martinez-Wilson - Platform Deployment,PHS-014,P1 Measure,Erin Warner,,2026-05-19,2026-05-19,0.00,,,,,,,,,,,0.00,,true,
PRJ-028,TSK-0227,P1 Setup Dev Instance using Golden Instance,NA,Martinez-Wilson - Platform Deployment,PHS-018,P1 Initiate,,,2025-12-11,2025-12-11,0.00,,,,,,,,,2025-12-31,2025-12-31,0.00,,true,
PRJ-028,TSK-0228,P1 Integration development,Completed,Martinez-Wilson - Platform Deployment,PHS-019,P1 Configure & Build,"April Frost, Brittany Farmer",,2026-02-09,2026-04-03,165.50,,,,,,,,,2026-03-23,2026-04-03,0.00,,true,Cust Int Coding
PRJ-028,TSK-0229,P1 Create Requirement Traceability Matrix,To do,Martinez-Wilson - Platform Deployment,PHS-017,P1 Discover & Design,"Lisa Allen, Alyssa Day, Cameron Fisher",,2026-01-07,2026-02-20,0.00,,,,,,,,,,,0.00,,true,
PRJ-028,TSK-0230,P1 Update Train the Trainer Documentation,To do,Martinez-Wilson - Platform Deployment,PHS-015,P1 Transfer,"April Frost, Jessica Gross, Lisa Allen, Cameron Fisher, Allen Rosales",,2026-03-23,2026-04-03,0.00,,,,,,,,,,,0.00,,true,
PRJ-028,TSK-0231,P1 Success Criteria / Value Parameters,Completed,Martinez-Wilson - Platform Deployment,PHS-016,P1 Getting Started,Alyssa Day,,2026-02-18,2026-02-20,0.00,,,,,,,,,2026-02-26,2026-02-26,0.00,,true,Program Management & Governance
PRJ-028,TSK-0232,P1 Integration development - Review and Update,In progress,Martinez-Wilson - Platform Deployment,PHS-019,P1 Configure & Build,"April Frost, Brittany Farmer",,2026-03-30,2026-04-03,15.00,,,,,,,,,2026-03-23,,0.00,,true,OOTB Issues Analysis
PRJ-028,TSK-0233,P1 Plan for Plan (High Level Project Plan),Completed,Martinez-Wilson - Platform Deployment,PHS-018,P1 Initiate,"Erin Warner, Alyssa Day, Connie Lawrence",,2025-12-08,2025-12-26,0.00,,,,,,,,,2025-12-31,2025-12-31,0.00,,true,Program Management & Governance
PRJ-028,TSK-0234,P1 Discussion on Value & User Adoption,To do,Martinez-Wilson - Platform Deployment,PHS-014,P1 Measure,Cameron Fisher,,2026-05-18,2026-05-29,0.00,,,,,,,,,,,0.00,,true,
PRJ-028,TSK-0235,P1 Fit Gap Analysis - Customer Alignment,NA,Martinez-Wilson - Platform Deployment,PHS-017,P1 Discover & Design,,,2025-12-23,2025-12-23,0.00,,,,,,,,,2025-12-31,2025-12-31,0.00,,true,
PRJ-028,TSK-0236,P1 User & Contract Taxonomy,To do,Martinez-Wilson - Platform Deployment,PHS-016,P1 Getting Started,"Lisa Allen, Cameron Fisher",,2026-01-08,2026-02-20,0.00,,,,,,,,,,,0.00,,true,
PRJ-028,TSK-0237,P1 User Acceptance Testing (UAT),To do,Martinez-Wilson - Platform Deployment,PHS-015,P1 Transfer,"April Frost, Lisa Allen, Allen Rosales, Cameron Fisher, Brittany Farmer",,2026-04-06,2026-04-24,0.00,,,,,,,,,,,0.00,,true,Test Execution - Unit Testing/SIT/UAT
PRJ-028,TSK-0238,P1 CS Transition Sign-off,To do,Martinez-Wilson - Platform Deployment,PHS-014,P1 Measure,Lisa Allen,,2026-05-11,2026-05-22,0.00,,,,,,,,,,,0.00,,true,Transition - IROS/CS/CSM
PRJ-028,TSK-0239,P1 Foundation Training,Completed,Martinez-Wilson - Platform Deployment,PHS-018,P1 Initiate,Erin Warner,,2026-01-07,2026-01-08,0.00,,,,,,,,,2026-01-09,2026-01-09,0.00,,true,
PRJ-028,TSK-0240,P1 Technical configuration,Completed,Martinez-Wilson - Platform Deployment,PHS-019,P1 Configure & Build,April Frost,,2026-02-09,2026-04-03,40.00,,,,,,,,,2026-03-23,2026-04-03,0.00,,true,TC Coding
PRJ-028,TSK-0241,P1 (Updated) Checklist : Scope & Design Finalization,To do,Martinez-Wilson - Platform Deployment,PHS-017,P1 Discover & Design,,,2026-01-26,2026-01-26,0.00,,,,,TSK-0247,P1 Draft BRD & IRD,,,,,0.00,,true,OOTB Solution Discovery
PRJ-028,TSK-0242,P1 Identify Value Use cases from the North Star & BKM,To do,Martinez-Wilson - Platform Deployment,PHS-016,P1 Getting Started,"Lisa Allen, Cameron Fisher",,2026-01-08,2026-02-20,0.00,,,,,,,,,,,0.00,,true,
PRJ-028,TSK-0243,P1 UAT Sign-off,To do,Martinez-Wilson - Platform Deployment,PHS-015,P1 Transfer,"Lisa Allen, Cameron Fisher",,2026-04-24,2026-04-24,0.00,,,,,,,,,,,0.00,,true,Test Execution - Unit Testing/SIT/UAT
PRJ-028,TSK-0244,P1 Alignment on Post Go-Live Support Plan,To do,Martinez-Wilson - Platform Deployment,PHS-018,P1 Initiate,,,2026-01-26,2026-03-20,0.00,,,,,,,,,,,0.00,,true,Transition - IROS/CS/CSM
PRJ-028,TSK-0245,P1 Conduct Health Check - 60th Day & Track success criteria milestones,To do,Martinez-Wilson - Platform Deployment,PHS-014,P1 Measure,Erin Warner,,2026-05-29,2026-05-29,0.00,,,,,,,,,,,0.00,,true,
PRJ-028,TSK-0246,P1 Technical configuration - Review and Update,Completed,Martinez-Wilson - Platform Deployment,PHS-019,P1 Configure & Build,"April Frost, Brittany Farmer",,2026-03-16,2026-04-03,15.00,,,,,,,,,2026-03-23,2026-04-03,0.00,,true,OOTB Issues Analysis
PRJ-028,TSK-0247,P1 Draft BRD & IRD,Completed,Martinez-Wilson - Platform Deployment,PHS-017,P1 Discover & Design,"April Frost, Jessica Gross, Lisa Allen, Alyssa Day",,2026-01-19,2026-02-18,59.00,,,,,,,,,2026-02-26,2026-04-03,0.00,,true,OOTB Solution Discovery
PRJ-028,TSK-0248,P1 Establish Foundation Training Plan,Completed,Martinez-Wilson - Platform Deployment,PHS-016,P1 Getting Started,Erin Warner,,2025-12-30,2026-01-08,0.00,,,,,,,,,2025-12-31,2026-01-09,0.00,,true,
PRJ-028,TSK-0249,P1 (Updated) Checklist : Disc Workshop Readiness,To do,Martinez-Wilson - Platform Deployment,PHS-018,P1 Initiate,,,2026-01-06,2026-01-06,0.00,,,,,TSK-0258,P1 Discovery Workshop Readiness,,,,,0.00,,true,
PRJ-028,TSK-0250,P1 Reports development,NA,Martinez-Wilson - Platform Deployment,PHS-019,P1 Configure & Build,"April Frost, Jessica Gross",,2026-02-09,2026-04-03,0.00,,,,,,,,,2026-01-02,2026-01-02,0.00,,true,TC Custom Report
PRJ-028,TSK-0251,P1 Legacy Data Upload (if any pending),To do,Martinez-Wilson - Platform Deployment,PHS-015,P1 Transfer,"Lisa Allen, Alyssa Day",,2026-05-04,2026-05-29,0.00,,,,,,,,,,,0.00,,true,Legacy Migration
PRJ-028,TSK-0252,P1 Document Case Study,NA,Martinez-Wilson - Platform Deployment,PHS-014,P1 Measure,,,2026-01-07,2026-01-07,0.00,,,,,,,,,2026-01-02,2026-01-02,0.00,,true,Program Management & Governance
PRJ-028,TSK-0253,P1 COE Review - Solution Design,Completed,Martinez-Wilson - Platform Deployment,PHS-017,P1 Discover & Design,"Jessica Gross, Lisa Allen, Alyssa Day",,2026-01-12,2026-01-23,0.00,,,,,,,,,2026-01-23,2026-01-23,0.00,,true,
PRJ-028,TSK-0254,P1 Identify NFRs committed in SOW,To do,Martinez-Wilson - Platform Deployment,PHS-016,P1 Getting Started,"Lisa Allen, Cameron Fisher",,2026-01-08,2026-02-20,0.00,,,,,,,,,,,0.00,,true,
PRJ-028,TSK-0255,P1 Remove Sharepoint Access,To do,Martinez-Wilson - Platform Deployment,PHS-014,P1 Measure,,,2026-05-29,2026-05-29,0.00,,,,,TSK-0283,P1 Project Closure,,,,,0.00,,true,Program Management & Governance
PRJ-028,TSK-0256,P1 Cutover Planning,To do,Martinez-Wilson - Platform Deployment,PHS-015,P1 Transfer,"Lisa Allen, Alyssa Day",,2026-04-13,2026-05-01,0.00,,,,,,,,,,,0.00,,true,Release and Go-Live
PRJ-028,TSK-0257,P1 Reports development - Review and Update,NA,Martinez-Wilson - Platform Deployment,PHS-019,P1 Configure & Build,,,2025-12-30,2025-12-30,0.00,,,,,,,,,2026-01-02,2026-01-02,0.00,,true,
PRJ-028,TSK-0258,P1 Discovery Workshop Readiness,Completed,Martinez-Wilson - Platform Deployment,PHS-018,P1 Initiate,"Alyssa Day, April Frost, Jessica Gross, Lisa Allen",,2025-12-15,2026-01-06,0.00,,,,,,,,,2026-01-09,2026-01-09,0.00,,true,
PRJ-028,TSK-0259,P1 Success Criteria Sign-off,Completed,Martinez-Wilson - Platform Deployment,PHS-017,P1 Discover & Design,"Erin Warner, Alyssa Day",,2026-01-09,2026-02-20,0.00,,,,,,,,,2026-02-11,2026-02-26,0.00,,true,Program Management & Governance
PRJ-028,TSK-0260,P1 Tentative plan for FTTV (as applicable),NA,Martinez-Wilson - Platform Deployment,PHS-016,P1 Getting Started,,,2025-12-08,2025-12-08,0.00,,,,,,,,,2025-12-29,2025-12-29,0.00,,true,Program Management & Governance
PRJ-028,TSK-0261,P1 Trim Resource Bookings (as applicable),To do,Martinez-Wilson - Platform Deployment,PHS-014,P1 Measure,,,2026-05-29,2026-05-29,0.00,,,,,TSK-0283,P1 Project Closure,,,,,0.00,,true,Program Management & Governance
PRJ-028,TSK-0262,P1 Smoke testing for Go-Live & issue fixes,To do,Martinez-Wilson - Platform Deployment,PHS-015,P1 Transfer,"Lisa Allen, Alyssa Day",,2026-04-13,2026-05-01,0.00,,,,,,,,,,,0.00,,true,
PRJ-028,TSK-0263,P1 Troubleshooting - Environmental/Platform/DB issues/OOTB adaptors,NA,Martinez-Wilson - Platform Deployment,PHS-019,P1 Configure & Build,,,2025-12-30,2025-12-30,0.00,,,,,,,,,2026-01-02,2026-01-02,0.00,,true,OOTB Issues Analysis
PRJ-028,TSK-0264,P1 Finalize Adoption Strategy with Customer,To do,Martinez-Wilson - Platform Deployment,PHS-018,P1 Initiate,,,2026-01-26,2026-03-13,0.00,,,,,,,,,,,0.00,,true,
PRJ-028,TSK-0265,P1 Draft & Baseline Configuration Workbook,Completed,Martinez-Wilson - Platform Deployment,PHS-017,P1 Discover & Design,"Lisa Allen, Cameron Fisher",,2026-01-26,2026-02-13,170.00,,,,,,,,,2026-02-11,2026-04-03,0.00,,true,OOTB Solution Discovery
PRJ-028,TSK-0266,P1 Creation & Peer Review - Project Initiation Deck,Completed,Martinez-Wilson - Platform Deployment,PHS-016,P1 Getting Started,"Erin Warner, Alyssa Day",,2025-12-08,2025-12-26,0.00,,,,,,,,,2025-12-31,2025-12-31,0.00,,true,Project Setup
PRJ-028,TSK-0267,P1 Go-Live GO/No GO review,To do,Martinez-Wilson - Platform Deployment,PHS-015,P1 Transfer,"Erin Warner, Lisa Allen, Alyssa Day",,2026-04-24,2026-04-24,0.00,,,,,,,,,,,0.00,,true,Release and Go-Live
PRJ-028,TSK-0268,P1 Remove Prod Access of PS users,To do,Martinez-Wilson - Platform Deployment,PHS-014,P1 Measure,,,2026-05-29,2026-05-29,0.00,,,,,TSK-0283,P1 Project Closure,,,,,0.00,,true,Program Management & Governance
PRJ-028,TSK-0269,P1 Package Preparation and deployment,To do,Martinez-Wilson - Platform Deployment,PHS-019,P1 Configure & Build,"April Frost, Jessica Gross, Lisa Allen, Alyssa Day",,2026-03-30,2026-04-03,0.00,,,,,,,,,,,0.00,,true,Build and Deployment
PRJ-028,TSK-0270,P1 Project Initiation Meeting,Completed,Martinez-Wilson - Platform Deployment,PHS-016,P1 Getting Started,Erin Warner,,2026-01-07,2026-01-07,0.00,,,,P1 Creation & Peer Review - Project Initiation Deck,,,,,2026-01-09,2026-01-09,0.00,,true,Project Setup
PRJ-028,TSK-0271,P1 Peer Review - BRD / IRD Draft,Completed,Martinez-Wilson - Platform Deployment,PHS-017,P1 Discover & Design,"April Frost, Jessica Gross, Lisa Allen, Alyssa Day, Cameron Fisher, Brittany Farmer",,2026-01-22,2026-02-13,117.00,,,,,,,,,2026-02-11,2026-04-03,0.00,,true,
PRJ-028,TSK-0272,P1 Plan for SOW Open Items,To do,Martinez-Wilson - Platform Deployment,PHS-015,P1 Transfer,,,2026-05-04,2026-05-29,60.00,,,,,,,,,,,0.00,,true,Program Management & Governance
PRJ-028,TSK-0273,P1 Verify Billing Milestones with Finance,To do,Martinez-Wilson - Platform Deployment,PHS-014,P1 Measure,,,2026-05-29,2026-05-29,0.00,,,,,TSK-0283,P1 Project Closure,,,,,0.00,,true,Program Management & Governance
PRJ-028,TSK-0274,P1 Security Testing,To do,Martinez-Wilson - Platform Deployment,PHS-019,P1 Configure & Build,"Lisa Allen, Cameron Fisher",,2026-03-23,2026-04-03,0.00,,,,,,,,,,,0.00,,true,Test Execution - Unit Testing/SIT/UAT
PRJ-028,TSK-0275,P1 Executive Alignment Meeting,Completed,Martinez-Wilson - Platform Deployment,PHS-016,P1 Getting Started,Connie Lawrence,,2026-01-29,2026-01-29,0.00,,,,,,,,,2026-01-29,2026-01-29,0.00,,true,Program Management & Governance
PRJ-028,TSK-0276,P1 BRD Sign-off,Completed,Martinez-Wilson - Platform Deployment,PHS-017,P1 Discover & Design,"Lisa Allen, Cameron Fisher",,2026-02-16,2026-03-06,20.00,,,,"P1 COE Review - Solution Design, P1 Peer Review - BRD / IRD Draft",,,,,2026-03-12,2026-04-03,0.00,,true,OOTB Solution Discovery
PRJ-028,TSK-0277,P1 Technical Go-Live (if applicable),To do,Martinez-Wilson - Platform Deployment,PHS-015,P1 Transfer,"Lisa Allen, Cameron Fisher",,2026-05-04,2026-05-04,0.00,,,,,,,,,,,0.00,,true,Release and Go-Live
PRJ-028,TSK-0278,P1 Local Environment Setup for Development,To do,Martinez-Wilson - Platform Deployment,PHS-019,P1 Configure & Build,April Frost,,2026-01-27,2026-02-20,0.00,,,,,,,,,,,0.00,,true,TC Coding
PRJ-028,TSK-0279,P1 Upload all baselined project artifacts in RL (if any pending),To do,Martinez-Wilson - Platform Deployment,PHS-014,P1 Measure,,,2026-05-29,2026-05-29,0.00,,,,,TSK-0283,P1 Project Closure,,,,,0.00,,true,Program Management & Governance
PRJ-028,TSK-0280,P1 IRD Sign-off,Completed,Martinez-Wilson - Platform Deployment,PHS-017,P1 Discover & Design,"Brittany Farmer, April Frost",,2026-02-16,2026-03-06,0.00,,,,"P1 COE Review - Solution Design, P1 Peer Review - BRD / IRD Draft",,,,,2026-03-12,2026-04-03,0.00,,true,OOTB Solution Discovery
PRJ-028,TSK-0281,P1 Business Go-Live,To do,Martinez-Wilson - Platform Deployment,PHS-015,P1 Transfer,"Lisa Allen, Cameron Fisher",,2026-05-04,2026-05-04,0.00,,,,P1 Go-Live GO/No GO review,,,,,,,0.00,,true,Release and Go-Live
PRJ-028,TSK-0282,P1 Unit Testing & Buddy Testing,To do,Martinez-Wilson - Platform Deployment,PHS-019,P1 Configure & Build,April Frost,,2026-03-23,2026-04-03,0.00,,,,,,,,,,,0.00,,true,Test Execution - Unit Testing/SIT/UAT
PRJ-028,TSK-0283,P1 Project Closure,To do,Martinez-Wilson - Platform Deployment,PHS-014,P1 Measure,Erin Warner,,2026-05-29,2026-05-29,0.00,,,,,,,,,,,0.00,,true,Program Management & Governance
PRJ-028,TSK-0284,P1 Technical feasibility assessment,Completed,Martinez-Wilson - Platform Deployment,PHS-017,P1 Discover & Design,"April Frost, Brittany Farmer",,2026-01-07,2026-02-20,84.00,,,,,,,,,2026-02-05,2026-03-12,0.00,,true,OOTB Solution Discovery
PRJ-028,TSK-0285,P1 Go-Live Announcement,To do,Martinez-Wilson - Platform Deployment,PHS-015,P1 Transfer,Erin Warner,,2026-05-05,2026-05-05,0.00,,,,P1 Business Go-Live,,,,,,,0.00,,true,Release and Go-Live
PRJ-028,TSK-0286,P1 System Integration Testing,To do,Martinez-Wilson - Platform Deployment,PHS-019,P1 Configure & Build,"Lisa Allen, Cameron Fisher",,2026-03-30,2026-04-03,0.00,,,,,,,,,,,0.00,,true,Test Execution - Unit Testing/SIT/UAT
PRJ-028,TSK-0287,"P1 Legacy Migration scope, strategy and plan",To do,Martinez-Wilson - Platform Deployment,PHS-017,P1 Discover & Design,"Lisa Allen, Cameron Fisher, Brittany Farmer",,2025-12-22,2026-02-20,0.00,,,,,,,,,,,0.00,,true,Legacy Migration
PRJ-028,TSK-0288,P1 Transition to CSM / CA,To do,Martinez-Wilson - Platform Deployment,PHS-015,P1 Transfer,Erin Warner,,2026-04-20,2026-05-08,0.00,,,,,,,,,,,0.00,,true,Transition - IROS/CS/CSM
PRJ-028,TSK-0289,P1 Configuration Walkthrough,NA,Martinez-Wilson - Platform Deployment,PHS-019,P1 Configure & Build,,,2025-12-30,2025-12-30,0.00,,,,,,,,,2026-01-02,2026-01-02,0.00,,true,
PRJ-028,TSK-0290,P1 Peer Review - Test Strategy and Plan,To do,Martinez-Wilson - Platform Deployment,PHS-017,P1 Discover & Design,"April Frost, Lisa Allen, Alyssa Day",,2026-01-27,2026-02-20,0.00,,,,,,,,,,,0.00,,true,Test Planning - Unit Testing/SIT/UAT
PRJ-028,TSK-0291,P1 COE Review Recommendations Implemented,To do,Martinez-Wilson - Platform Deployment,PHS-019,P1 Configure & Build,April Frost,,2026-02-09,2026-04-03,0.00,,,,,,,,,,,0.00,,true,
PRJ-028,TSK-0292,P1 Implementation Satisfaction Survey,To do,Martinez-Wilson - Platform Deployment,PHS-015,P1 Transfer,,,2026-05-15,2026-05-25,0.00,,,,,TSK-0295,P1 Initiate ISAT Survey with the Customer,,,,,0.00,,true,Program Management & Governance
PRJ-028,TSK-0293,P1 Performance Testing,To do,Martinez-Wilson - Platform Deployment,PHS-019,P1 Configure & Build,"Lisa Allen, Cameron Fisher",,2026-03-23,2026-04-03,0.00,,,,,,,,,,,0.00,,true,Test Execution - Unit Testing/SIT/UAT
PRJ-028,TSK-0294,"P1 Test Strategy, plan and acceptance criteria",To do,Martinez-Wilson - Platform Deployment,PHS-017,P1 Discover & Design,"Lisa Allen, Cameron Fisher",,2026-02-02,2026-02-27,0.00,,,,,,,,,,,0.00,,true,Test Planning - Unit Testing/SIT/UAT
PRJ-028,TSK-0295,P1 Initiate ISAT Survey with the Customer,To do,Martinez-Wilson - Platform Deployment,PHS-015,P1 Transfer,Erin Warner,,2026-05-15,2026-05-25,0.00,true,,,P1 Business Go-Live,,,,,,,0.00,,true,Program Management & Governance
PRJ-028,TSK-0296,P1 Test Scripts Creation and Alignment with Customer,In progress,Martinez-Wilson - Platform Deployment,PHS-017,P1 Discover & Design,"Lisa Allen, Cameron Fisher",,2026-02-09,2026-04-03,0.00,,,,,,,,,2026-04-03,,0.00,,true,Test Planning - Unit Testing/SIT/UAT
PRJ-028,TSK-0297,P1 Automation Testing,NA,Martinez-Wilson - Platform Deployment,PHS-019,P1 Configure & Build,,,2025-12-30,2025-12-30,0.00,,,,,,,,,2026-01-02,2026-01-02,0.00,,true,Test Execution - Unit Testing/SIT/UAT
PRJ-028,TSK-0298,P1 Peer Review - Project Plan,Completed,Martinez-Wilson - Platform Deployment,PHS-017,P1 Discover & Design,"Erin Warner, Alyssa Day, Connie Lawrence",,2025-12-23,2025-12-23,0.00,,,,,,,,,2026-01-02,2026-01-02,0.00,,true,Program Management & Governance
PRJ-028,TSK-0299,P1 Setup Blob,To do,Martinez-Wilson - Platform Deployment,PHS-019,P1 Configure & Build,,,2026-03-02,2026-03-02,0.00,,,,,TSK-0306,P1 Legacy Migration,,,,,0.00,,true,Legacy Migration
PRJ-028,TSK-0300,P1 Checklist : Estimation & Planning,To do,Martinez-Wilson - Platform Deployment,PHS-017,P1 Discover & Design,,,2025-12-31,2025-12-31,0.00,,,,,TSK-0303,P1 Project Plan Sign-off,,,,,0.00,,true,Program Management & Governance
PRJ-028,TSK-0301,P1 Validation via Sample contracts in Platform Dev environment,To do,Martinez-Wilson - Platform Deployment,PHS-019,P1 Configure & Build,,,2026-03-02,2026-03-02,0.00,,,,,TSK-0306,P1 Legacy Migration,,,,,0.00,,true,Legacy Migration
PRJ-028,TSK-0302,"P1 Capture feedback, perform refinements as applicable",To do,Martinez-Wilson - Platform Deployment,PHS-019,P1 Configure & Build,,,2026-03-02,2026-03-02,0.00,,,,,TSK-0306,P1 Legacy Migration,,,,,0.00,,true,Legacy Migration
PRJ-028,TSK-0303,P1 Project Plan Sign-off,Completed,Martinez-Wilson - Platform Deployment,PHS-017,P1 Discover & Design,Erin Warner,,2025-12-15,2025-12-31,0.00,,,,,,,,,2026-01-02,2026-01-02,0.00,,true,Program Management & Governance
PRJ-028,TSK-0304,P1 Execute migration scripts on sample population for Pre-UAT / UAT,To do,Martinez-Wilson - Platform Deployment,PHS-019,P1 Configure & Build,,,2026-03-02,2026-03-02,0.00,,,,,TSK-0306,P1 Legacy Migration,,,,,0.00,,true,Legacy Migration
PRJ-028,TSK-0305,P1 Review Change Management / Adoption Plan with Customer,To do,Martinez-Wilson - Platform Deployment,PHS-017,P1 Discover & Design,,,2026-02-02,2026-03-13,0.00,,,,,,,,,,,0.00,,true,
PRJ-028,TSK-0306,P1 Legacy Migration,To do,Martinez-Wilson - Platform Deployment,PHS-019,P1 Configure & Build,"Lisa Allen, Cameron Fisher",,2026-03-02,2026-04-24,0.00,,,,,,,,,,,0.00,,true,Legacy Migration
PRJ-028,TSK-0307,P1 Product Usage Training for Super User,To do,Martinez-Wilson - Platform Deployment,PHS-019,P1 Configure & Build,"Lisa Allen, Cameron Fisher",,2026-03-30,2026-04-03,0.00,,,,,,,,,,,0.00,,true,
PRJ-028,TSK-0308,P1 Pre-UAT by customer core team,NA,Martinez-Wilson - Platform Deployment,PHS-019,P1 Configure & Build,,,2026-04-06,2026-04-06,0.00,,,,P1 COE Review Recommendations Implemented,,,,,2026-01-02,2026-01-02,0.00,,true,Test Execution - Unit Testing/SIT/UAT
PRJ-028,TSK-0309,P1 Pre-UAT feedback incorporation & defect fixing,NA,Martinez-Wilson - Platform Deployment,PHS-019,P1 Configure & Build,,,2025-12-30,2025-12-30,40.00,,,,,,,,,2026-01-02,2026-01-02,0.00,,true,Test Execution - Unit Testing/SIT/UAT
PRJ-028,TSK-0310,P1 Customer Support Transition Initiation,To do,Martinez-Wilson - Platform Deployment,PHS-019,P1 Configure & Build,"Lisa Allen, Cameron Fisher",,2026-04-06,2026-05-01,0.00,,,,,,,,,,,0.00,,true,Transition - IROS/CS/CSM
PRJ-028,TSK-0311,P1 UAT Go/No Go Review (Internal Sign-off with PD/GM/VP),To do,Martinez-Wilson - Platform Deployment,PHS-019,P1 Configure & Build,"Lisa Allen, Cameron Fisher",,2026-04-24,2026-04-24,0.00,,,,P1 Pre-UAT feedback incorporation & defect fixing,,,,,,,0.00,,true,Test Execution - Unit Testing/SIT/UAT
PRJ-028,TSK-0312,Project PS RAG Status,NA,Martinez-Wilson - Platform Deployment,PHS-020,Governance,,,,,0.00,,,,,,,,,2026-01-04,2026-01-04,0.00,,true,
PRJ-028,TSK-0313,Project PS RAG Status,To do,Martinez-Wilson - Platform Deployment,PHS-020,Governance,,,,,0.00,,,,,,,,,,,0.00,,true,
PRJ-028,TSK-0314,Program Management,In progress,Martinez-Wilson - Platform Deployment,PHS-020,Governance,"Erin Warner, Connie Lawrence",,,2026-05-29,227.67,,,,,,,,,2026-01-04,,0.00,,true,
PRJ-028,TSK-0315,Overall Exec Summary,In progress,Martinez-Wilson - Platform Deployment,PHS-020,Governance,Erin Warner,,,,0.00,,,,,,,,,2026-01-05,,0.00,,true,
PRJ-028,TSK-0316,Current Project Status,In progress,Martinez-Wilson - Platform Deployment,PHS-020,Governance,Erin Warner,,,,0.00,,,,,,,,,2026-01-05,,0.00,,true,
PRJ-028,TSK-0317,Key Risks & Issues,In progress,Martinez-Wilson - Platform Deployment,PHS-020,Governance,Erin Warner,,,,0.00,,,,,,,,,2026-01-05,,0.00,,true,
PRJ-028,TSK-0318,Challenges,In progress,Martinez-Wilson - Platform Deployment,PHS-020,Governance,Erin Warner,,,,0.00,,,,,,,,,2026-01-05,,0.00,,true,
PRJ-028,TSK-0319,Opportunities,In progress,Martinez-Wilson - Platform Deployment,PHS-020,Governance,Erin Warner,,,,0.00,,,,,,,,,2026-01-05,,0.00,,true,
PRJ-028,TSK-0320,Suggestions for Improvement / Lessons Learned,In progress,Martinez-Wilson - Platform Deployment,PHS-020,Governance,Erin Warner,,,,0.00,,,,,,,,,2026-01-05,,0.00,,true,
PRJ-028,TSK-0321,Martinez-Wilson – CLM Implementation- T&M Billing Jan 2026,Completed,Martinez-Wilson - Platform Deployment,PHS-016,P1 Getting Started,,,,2026-02-20,0.00,true,true,20.62537319953978,,,,,,2026-02-17,2026-02-17,0.00,,true,
PRJ-028,TSK-0322,Martinez-Wilson – CLM Implementation- T&M Billing Feb 2026,Completed,Martinez-Wilson - Platform Deployment,PHS-016,P1 Getting Started,,,,2026-03-11,0.00,true,true,23.30172970401332,,,,,,2026-03-11,2026-03-11,0.00,,true,
PRJ-028,TSK-0323,Martinez-Wilson – CLM Implementation- T&M Billing Mar 2026,To do,Martinez-Wilson - Platform Deployment,PHS-016,P1 Getting Started,,,,2026-04-13,0.00,true,,,,,,,,,,0.00,,true,
PRJ-028,TSK-0324,Martinez-Wilson – CLM Implementation- T&M Billing Apr 2026,To do,Martinez-Wilson - Platform Deployment,PHS-016,P1 Getting Started,,,,2026-05-15,0.00,true,,,,,,,,,,0.00,,true,
PRJ-013,TSK-0325,Project PS RAG Status,In progress,Stone-Gonzalez - CLM Implementation,PHS-009,Getting Started,,,2026-02-02,2026-06-22,0.00,,,,,,,,,2026-02-09,,0.00,,false,
